Track URI,Track Name,Album Name,Artist Name(s),Release Date,Duration (ms),Popularity,Explicit,Added By,Added At,Genres,Record Label,Danceability,Energy,Key,Loudness,Mode,Speechiness,Acousticness,Instrumentalness,Liveness,Valence,Tempo,Time Signature
spotify:track:5ilkrJ2rvP1mZXchgkIEGP,"Gecko","Gecko (Radio Edit)","Oliver Heldens",2014-03-24,166099,40,false,22nfklp6e2bdvfz6yfb4e5zdy,2022-01-09T14:30:24Z,"future house,house","Parlophone UK",0.791,0.827,0,-6.647,1,0.0608,0.105,0.906,0.227,0.478,125.039,4
spotify:track:1HrMWH5GUdK6Yi94rbANJA,"Cola","Cola","CamelPhat;Elderbrook",2017-06-16,223869,12,false,22nfklp6e2bdvfz6yfb4e5zdy,2022-01-09T14:30:24Z,"melodic techno,house,progressive house,melodic house,tech house","Defected Records",0.706,0.74,6,-7.904,1,0.0325,0.0245,0.512,0.135,0.444,122.007,3
spotify:track:152lZdxL1OR0ZMW6KquMif,"Location","American Teen","Khalid",2017-04-27,219080,80,false,22nfklp6e2bdvfz6yfb4e5zdy,2022-01-09T14:30:24Z,"","Right Hand Music Group, LLC/RCA Records",0.736,0.449,1,-11.462,0,0.425,0.33,0.000162,0.0898,0.326,80.126,4
spotify:track:64VzxgaIpjB52YUtsF9St7,"If I Lose Myself - Alesso vs OneRepublic","Forever","OneRepublic;Alesso",2015-05-22,213480,46,false,22nfklp6e2bdvfz6yfb4e5zdy,2022-01-09T14:30:24Z,"soft pop,edm","Alesso / Def Jam",0.518,0.829,2,-3.322,1,0.0414,0.198,0.00000557,0.13,0.149,125.991,4
spotify:track:0noVd1VU93X8TEZMmpR3yN,"Pjanoo - Club Mix","Pjanoo","Eric Prydz",2008-08-29,450912,53,false,22nfklp6e2bdvfz6yfb4e5zdy,2022-01-09T14:30:24Z,"","Pryda Presents",0.663,0.624,7,-6.923,0,0.0324,0.000939,0.888,0.0666,0.63,126.024,4
spotify:track:3v2oAQomhOcYCPPHafS3KV,"Opus","Opus","Eric Prydz",2016-02-05,543453,65,false,22nfklp6e2bdvfz6yfb4e5zdy,2022-01-09T14:30:24Z,"","Virgin Records Ltd",0.275,0.721,6,-6.222,0,0.0359,0.000702,0.821,0.0792,0.184,125.156,4
spotify:track:0oks4FnzhNp5QPTZtoet7c,"Giorgio by Moroder","Random Access Memories","Daft Punk",2013-05-20,544626,66,false,22nfklp6e2bdvfz6yfb4e5zdy,2022-01-09T14:30:24Z,"french house,electronic,electro","Columbia",0.74,0.682,9,-10.42,0,0.0504,0.0692,0.53,0.381,0.41,113.201,4
spotify:track:3xYGWKsZ5CXWisReT4w4Bh,"Pacha On Acid","Pacha On Acid","AFROJACK",2010-02-24,448745,26,false,22nfklp6e2bdvfz6yfb4e5zdy,2022-01-09T14:30:24Z,"edm,big room","SIZE Records",0.783,0.755,4,-9.803,1,0.0772,0.441,0.924,0.0959,0.331,128.991,4
spotify:track:5QcSDOm6mcvFDl7KBT1fHv,"Spaceman - Carnage Festival Trap Remix","Spaceman (Carnage Festival Trap Remix)","Hardwell;Carnage",2012-12-29,234160,1,false,22nfklp6e2bdvfz6yfb4e5zdy,2022-01-09T14:30:24Z,"big room,edm,progressive house,electronica","Revealed Recordings",0.712,0.497,11,-8.976,1,0.0777,0.0235,0.768,0.101,0.238,139.987,4
spotify:track:0TR9FufF714K5z3fobhs7x,"Atom","Dirty Dutch Exodus (Mixed By Chuckie)","Nari & Milani",2012-11-30,334015,0,false,22nfklp6e2bdvfz6yfb4e5zdy,2022-01-09T14:30:24Z,"","Dirty Dutch Compilations",0.533,0.98,1,-5.98,0,0.0529,0.0253,0.876,0.0363,0.109,127.983,4
spotify:track:1CZyEpQeKPWp9Eeq4ppzyR,"No Beef (feat. Miss Palmer) - Vocal Mix","No Beef","AFROJACK;Steve Aoki;Miss Palmer",2011-08-22,361941,44,false,22nfklp6e2bdvfz6yfb4e5zdy,2022-01-09T14:30:24Z,"edm,big room,electro house","Wall Recordings",0.741,0.838,11,-5.181,0,0.0405,0.0229,0.309,0.0649,0.234,127.98,4
spotify:track:2LD2gT7gwAurzdQDQtILds,"Veridis Quo","Discovery","Daft Punk",2001-03-12,345186,77,false,22nfklp6e2bdvfz6yfb4e5zdy,2022-01-09T14:30:24Z,"french house,electronic,electro","Daft Life Ltd./ADA France",0.605,0.687,9,-13.928,0,0.045,0.479,0.949,0.104,0.12,106.896,4
spotify:track:7vGuf3Y35N4wmASOKLUVVU,"Silence","Silence","Marshmello;Khalid",2017-08-11,180822,80,false,22nfklp6e2bdvfz6yfb4e5zdy,2022-01-09T14:30:24Z,"edm","Joytime Collective/RCA Records",0.52,0.761,4,-3.093,1,0.0853,0.256,0.00000496,0.17,0.286,141.971,4
spotify:track:0NlGoUyOJSuSHmngoibVAs,"All I Want","In A Perfect World (Expanded Edition)","Kodaline",2013-06-17,305746,81,false,22nfklp6e2bdvfz6yfb4e5zdy,2022-01-09T14:30:24Z,"","B-Unique/RCA",0.188,0.411,0,-9.733,1,0.0484,0.174,0.153,0.0843,0.159,187.376,3
spotify:track:1NeLwFETswx8Fzxl2AFl91,"Something About Us","Discovery","Daft Punk",2001-03-12,232666,76,false,22nfklp6e2bdvfz6yfb4e5zdy,2022-01-09T14:30:24Z,"french house,electronic,electro","Daft Life Ltd./ADA France",0.875,0.475,9,-12.673,0,0.0986,0.44,0.72,0.046,0.384,99.958,4
spotify:track:4T3fNx3CgwDRRYgmFCbD4J,"Better","Better","Khalid",2018-09-14,229412,67,true,22nfklp6e2bdvfz6yfb4e5zdy,2022-01-09T14:30:24Z,"","Right Hand Music Group, LLC/RCA Records",0.442,0.585,0,-10.332,0,0.0964,0.0984,0.391,0.14,0.116,97.565,4
spotify:track:4By48hpAtUx7F7F1yxvwvm,"Entertainer","Icarus Falls","ZAYN",2018-12-14,202599,62,true,22nfklp6e2bdvfz6yfb4e5zdy,2022-01-09T14:30:24Z,"","RCA Records Label",0.697,0.568,5,-8.017,1,0.0369,0.475,0.0000251,0.0922,0.502,153.931,4
spotify:track:1pKYYY0dkg23sQQXi0Q5zN,"Around the World","Homework","Daft Punk",1997-01-17,429533,75,false,22nfklp6e2bdvfz6yfb4e5zdy,2022-01-09T14:30:24Z,"french house,electronic,electro","Daft Life Ltd./ADA France",0.956,0.795,7,-5.311,1,0.15,0.00356,0.889,0.0906,0.841,121.294,4
spotify:track:2bkNIMseHRfLidQqpXGsBx,"Too Much (feat. Timbaland)","Icarus Falls","ZAYN;Timbaland",2018-12-14,187163,50,true,22nfklp6e2bdvfz6yfb4e5zdy,2022-01-09T14:30:24Z,"","RCA Records Label",0.45,0.646,0,-4.443,1,0.0566,0.00442,0.000473,0.0855,0.3,90.246,1
spotify:track:248OFOZef6ShXv6DGgbnxU,"Saved","American Teen","Khalid",2017-04-27,206543,65,false,22nfklp6e2bdvfz6yfb4e5zdy,2022-01-09T14:30:24Z,"","Right Hand Music Group, LLC/RCA Records",0.739,0.448,10,-10.28,0,0.138,0.189,0,0.118,0.553,81.044,4
spotify:track:5CMjjywI0eZMixPeqNd75R,"Lose Yourself to Dance (feat. Pharrell Williams)","Random Access Memories","Daft Punk;Pharrell Williams",2013-05-20,353893,71,false,22nfklp6e2bdvfz6yfb4e5zdy,2022-01-09T14:30:24Z,"french house,electronic,electro","Columbia",0.832,0.659,10,-7.828,0,0.057,0.0839,0.00114,0.0753,0.674,100.163,4
spotify:track:0DiWol3AO6WpXZgp0goxAV,"One More Time","Discovery","Daft Punk",2001-03-12,320357,84,false,22nfklp6e2bdvfz6yfb4e5zdy,2022-01-09T14:30:24Z,"french house,electronic,electro","Daft Life Ltd./ADA France",0.613,0.697,2,-8.618,1,0.133,0.0194,0,0.332,0.476,122.746,4
spotify:track:5W3cjX2J3tjhG8zb6u0qHn,"Harder, Better, Faster, Stronger","Discovery","Daft Punk",2001-03-12,226413,77,false,22nfklp6e2bdvfz6yfb4e5zdy,2022-01-09T14:30:24Z,"french house,electronic,electro","Daft Life Ltd./ADA France",0.817,0.716,6,-8.898,0,0.144,0.0427,0.00263,0.358,0.692,123.474,4
spotify:track:2jiPHbFX5XM8TjaTfYJ0eo,"Stolen Dance","Sadnecessary","Milky Chance",2013-05-31,313684,5,false,22nfklp6e2bdvfz6yfb4e5zdy,2022-01-09T14:30:24Z,"","Lichtdicht Records",0.885,0.581,11,-8.813,1,0.0378,0.427,0.000204,0.0759,0.728,114.016,4
spotify:track:21RzyxY3EFaxVy6K4RqaU9,"Body","Body","Loud Luxury;Brando",2017-10-27,163216,80,false,22nfklp6e2bdvfz6yfb4e5zdy,2022-01-09T14:30:24Z,"","Armada Music",0.752,0.764,1,-4.399,1,0.038,0.0476,0.0000944,0.0543,0.582,121.958,4
spotify:track:0E9ZjEAyAwOXZ7wJC0PD33,"In My Mind","In My Mind","Dynoro;Gigi D'Agostino",2018-06-08,184560,80,false,22nfklp6e2bdvfz6yfb4e5zdy,2022-01-09T14:30:24Z,"italo dance,eurodance","Columbia/B1 Recordings",0.694,0.77,6,-5.335,1,0.149,0.176,0.000011,0.118,0.163,125.905,4
spotify:track:4lJNen4SMTIJMahALc3DcB,"Thunderclouds (feat. Sia, Diplo, and Labrinth)","LABRINTH, SIA & DIPLO PRESENT... LSD","Sia;Diplo;Labrinth;LSD",2019-04-12,187026,71,false,22nfklp6e2bdvfz6yfb4e5zdy,2022-01-09T14:30:24Z,"moombahton,dance pop","Records/Columbia",0.69,0.714,7,-5.948,1,0.0338,0.0077,0.0000723,0.191,0.489,112.009,4
spotify:track:5tf1VVWniHgryyumXyJM7w,"Sugar (feat. Francesco Yates)","Sugar","Robin Schulz;Francesco Yates",2015-09-25,219043,83,false,22nfklp6e2bdvfz6yfb4e5zdy,2022-01-09T14:30:24Z,"tropical house","Tonspiel",0.636,0.815,5,-5.098,0,0.0581,0.0185,0,0.163,0.636,123.063,4
spotify:track:7CBfP01G2qOB9GFWAN7ocL,"Synrise - Soulwax Remix","Synrise (10 Year Anniversary Edition)","GOOSE;Soulwax",2020-10-22,222270,45,false,22nfklp6e2bdvfz6yfb4e5zdy,2022-01-09T14:30:24Z,"new rave,electroclash,alternative dance","Universal Music S.A.",0.623,0.904,2,-4.712,1,0.0446,0.13,0.912,0.107,0.1,130.007,4
spotify:track:6jhIHvt64qw5O8ViJSYzug,"Urvashi Urvashi","Hum Se Hai Muqabala - Kadalan (Original Motion Picture Soundtrack)","A.R. Rahman;Noel James;Shankar Mahadevan",1995-03-01,196062,48,false,22nfklp6e2bdvfz6yfb4e5zdy,2022-01-09T14:30:24Z,"tamil pop,kollywood,bollywood,sufi,hindi pop,marathi pop,devotional,bhajan,desi,tamil dance","Ishtar Music Pvt. Ltd.",0.846,0.526,10,-9.786,1,0.0628,0.0542,0.000017,0.102,0.798,94.963,4
spotify:track:312WNtMs3F28cUukaPY9bo,"American Teen","American Teen","Khalid",2017-04-27,250758,63,false,22nfklp6e2bdvfz6yfb4e5zdy,2022-01-09T14:30:24Z,"","Right Hand Music Group, LLC/RCA Records",0.658,0.623,0,-6.934,1,0.0398,0.0683,0,0.321,0.207,100.436,4
spotify:track:6FlAGda9qkDhTU7ctFM4uG,"Crazy - Single Version","Crazy","Gnarls Barkley;CeeLo Green;Danger Mouse",2006-04-03,180786,52,false,22nfklp6e2bdvfz6yfb4e5zdy,2022-01-09T14:30:24Z,"","WM UK",0.864,0.474,0,-8.41,0,0.0367,0.0259,0.0487,0.0906,0.602,111.952,4
spotify:track:2dpaYNEQHiRxtZbfNsse99,"Happier","Happier","Marshmello;Bastille",2018-08-17,214289,11,false,22nfklp6e2bdvfz6yfb4e5zdy,2022-01-09T14:30:24Z,"edm","Astralwerks",0.687,0.792,5,-2.749,1,0.0452,0.191,0,0.167,0.671,100.011,4
spotify:track:0UeYCHOETPfai02uskjJ3x,"Shooting Stars","Bag Raiders (Deluxe)","Bag Raiders",2011-01-01,235813,73,false,22nfklp6e2bdvfz6yfb4e5zdy,2022-01-09T14:30:24Z,"alternative dance","Modular",0.636,0.72,11,-6.195,1,0.0432,0.0893,0.0178,0.0868,0.425,124.944,4
spotify:track:3KkXRkHbMCARz0aVfEt68P,"Sunflower - Spider-Man: Into the Spider-Verse","Spider-Man: Into the Spider-Verse (Soundtrack From & Inspired by the Motion Picture)","Post Malone;Swae Lee",2018-12-14,158040,85,false,22nfklp6e2bdvfz6yfb4e5zdy,2022-01-09T14:30:24Z,"","Universal Records",0.76,0.478,2,-5.574,1,0.0467,0.552,0,0.0703,0.913,89.908,4
spotify:track:5itOtNx0WxtJmi1TQ3RuRd,"Giant (with Rag'n'Bone Man)","Giant (with Rag'n'Bone Man)","Calvin Harris;Rag'n'Bone Man",2019-01-11,229184,70,false,22nfklp6e2bdvfz6yfb4e5zdy,2022-01-09T14:30:24Z,"edm","Columbia",0.807,0.887,1,-4.311,0,0.0361,0.016,0.000503,0.0811,0.606,122.015,4
spotify:track:5kfNriitmkNE8mUbZ7gbq8,"Saturday Nights","Suncity","Khalid",2018-10-18,210214,68,false,22nfklp6e2bdvfz6yfb4e5zdy,2022-01-09T14:30:24Z,"","Right Hand Music Group, LLC/RCA Records",0.551,0.44,10,-8.559,1,0.0985,0.606,0.0000302,0.11,0.341,167.923,4
spotify:track:4WSfyC9pFp0nc8OD0rHyaD,"Billie Jean","The Essential Michael Jackson","Michael Jackson",2005-07-19,294601,52,false,22nfklp6e2bdvfz6yfb4e5zdy,2022-01-09T14:30:24Z,"","Epic/Legacy",0.92,0.559,11,-5.667,0,0.0427,0.0191,0.0424,0.0444,0.819,117.167,4
spotify:track:1DxjoJ2w0K9zQ8KgU9rXhr,"Here I Am","Wrong Crowd (Expanded Edition)","Tom Odell",2016-06-10,209013,43,false,22nfklp6e2bdvfz6yfb4e5zdy,2022-01-09T14:30:24Z,"","ITNO/Columbia",0.707,0.838,7,-4.109,0,0.0336,0.0903,0,0.368,0.605,116.534,4
spotify:track:6GgPsuz0HEO0nrO2T0QhDv,"No Hands (feat. Roscoe Dash & Wale)","No Hands (feat. Roscoe Dash & Wale)","Waka Flocka Flame;Roscoe Dash;Wale",2010-09-06,263773,64,true,22nfklp6e2bdvfz6yfb4e5zdy,2022-01-09T14:30:24Z,"","Asylum/Warner Records",0.76,0.595,1,-6.366,1,0.0391,0.00544,0,0.241,0.361,131.497,4
spotify:track:3sFLrOAYhSXE6UPoovRS9a,"Public Service Announcement (Interlude)","The Hits Collection Volume One (Deluxe)","JAŸ-Z",2010-11-22,166000,45,true,22nfklp6e2bdvfz6yfb4e5zdy,2022-01-09T14:30:24Z,"hip hop,east coast hip hop,rap","Roc Nation / Jay-Z",0.422,0.973,1,-0.506,1,0.541,0.298,0.0000465,0.21,0.567,178.213,4
spotify:track:1SgENhaSaWJ9OWci6zRAvD,"The Uppercut","Loyal To The Game","2Pac;E.D.I. Mean;Young Noble",2004-01-01,230226,47,true,22nfklp6e2bdvfz6yfb4e5zdy,2022-01-09T14:30:24Z,"old school hip hop,gangster rap,west coast hip hop,g-funk,hip hop","Amaru",0.874,0.64,10,-4.083,0,0.306,0.283,0.000002,0.137,0.687,80.991,4
spotify:track:5AkZntfhC6IBpNtWyWTWhk,"Nothin' on You (feat. Bruno Mars)","B.o.B Presents: The Adventures of Bobby Ray","B.o.B;Bruno Mars",2010-04-27,268320,58,false,22nfklp6e2bdvfz6yfb4e5zdy,2022-01-09T14:30:24Z,"","Rebel Rock/Grand Hustle/Atlantic",0.688,0.853,10,-5.814,1,0.0493,0.386,0,0.0862,0.743,103.993,4
spotify:track:3Oh092rIoSMFzYcJDLw3X3,"Shinai","Shinai","Curbi",2017-03-06,198759,20,false,22nfklp6e2bdvfz6yfb4e5zdy,2022-01-09T14:30:24Z,"future house,bass house","Spinnin' Records",0.705,0.962,5,-2.105,0,0.0534,0.0159,0.582,0.0484,0.0374,127.989,4
spotify:track:3dPQuX8Gs42Y7b454ybpMR,"Seven Nation Army","Elephant","The White Stripes",2003-04-01,232106,87,false,22nfklp6e2bdvfz6yfb4e5zdy,2022-01-09T14:30:24Z,"garage rock,blues rock,rock,alternative rock","Legacy Recordings",0.743,0.446,4,-7.807,0,0.0683,0.0039,0.118,0.337,0.278,123.596,4
spotify:track:6tsMC7YCLcQxr16O77fkoX,"Little Bad Girl (feat. Taio Cruz & Ludacris)","Little Bad Girl (feat.Taio Cruz & Ludacris)","David Guetta;Ludacris;Taio Cruz",2011-06-28,192275,41,true,22nfklp6e2bdvfz6yfb4e5zdy,2022-01-09T14:30:24Z,"edm,southern hip hop","Parlophone (France)",0.668,0.829,11,-2.748,0,0.0334,0.00572,0,0.358,0.648,127,4
spotify:track:0Z5ok0QLLttAKsujOZYOXf,"Chasing Pavements","19","Adele",2008-01-27,210506,78,false,22nfklp6e2bdvfz6yfb4e5zdy,2022-01-09T14:30:24Z,"soft pop","XL Recordings",0.616,0.47,5,-6.092,0,0.0253,0.291,0,0.111,0.325,80.03,4
spotify:track:48UPSzbZjgc449aqz8bxox,"Californication","Californication (Deluxe Edition)","Red Hot Chili Peppers",1999-06-08,329733,88,false,22nfklp6e2bdvfz6yfb4e5zdy,2022-01-09T14:30:24Z,"funk rock,alternative rock,rock","Warner Records",0.592,0.767,9,-2.788,0,0.027,0.0021,0.00165,0.127,0.328,96.483,4
spotify:track:7LR85XLWw2yXqKBSI5brbG,"Run This Town","The Blueprint 3","JAŸ-Z;Rihanna;Kanye West",2009-09-08,267520,82,true,22nfklp6e2bdvfz6yfb4e5zdy,2022-01-09T14:30:24Z,"hip hop,east coast hip hop,rap","Roc Nation / Jay-Z",0.632,0.924,1,-1.802,1,0.29,0.281,0,0.263,0.441,86.844,4
spotify:track:6nTiIhLmQ3FWhvrGafw2zj,"American Idiot","American Idiot","Green Day",2004-09-21,176346,85,true,22nfklp6e2bdvfz6yfb4e5zdy,2022-01-09T14:30:24Z,"punk,pop punk","Reprise",0.38,0.988,1,-2.042,1,0.0639,0.0000264,0.0000786,0.368,0.769,186.113,4
spotify:track:2rgtCOVK2tpfao2VjURn84,"Lovers on the Sun (feat. Sam Martin)","Listen","David Guetta;Sam Martin",2014-11-10,203520,75,false,22nfklp6e2bdvfz6yfb4e5zdy,2022-01-09T14:30:24Z,"edm","Parlophone (France)",0.645,0.891,6,-2.505,0,0.0387,0.0932,0.00000388,0.379,0.568,124.915,4
spotify:track:6SkHm6poyKfzV6kc9any8k,"Suncity (feat. Empress Of)","Suncity","Khalid;Empress Of",2018-10-19,189485,56,false,22nfklp6e2bdvfz6yfb4e5zdy,2022-01-09T14:30:24Z,"","Right Hand Music Group, LLC/RCA Records",0.694,0.63,7,-6.84,0,0.162,0.0998,0.000635,0.12,0.341,90.045,4
spotify:track:0BCdy9R7SA2aBEQkey2XI4,"Jigga What / Faint","Collision Course","JAŸ-Z;Linkin Park",2004,211173,26,false,22nfklp6e2bdvfz6yfb4e5zdy,2022-01-09T14:30:24Z,"hip hop,east coast hip hop,rap,nu metal,rap metal,rock,alternative metal","Warner Records/Roc-A-Fella",0.583,0.959,1,-3.163,0,0.216,0.0984,0,0.056,0.606,133.805,4
spotify:track:6dK1HEHZcQlh24bSU7pTaZ,"Mundian to Bach Ke","Panjabi MC: The Album","Panjabi MC",2003-01-01,244666,2,false,22nfklp6e2bdvfz6yfb4e5zdy,2022-01-09T14:30:24Z,"bhangra","PMC Records Ltd",0.778,0.879,8,-4.951,0,0.0371,0.399,0.792,0.15,0.942,98.077,4
spotify:track:7CBfP01G2qOB9GFWAN7ocL,"Synrise - Soulwax Remix","Synrise (10 Year Anniversary Edition)","GOOSE;Soulwax",2020-10-22,222270,45,false,22nfklp6e2bdvfz6yfb4e5zdy,2022-01-09T14:30:24Z,"new rave,electroclash,alternative dance","Universal Music S.A.",0.623,0.904,2,-4.712,1,0.0446,0.13,0.912,0.107,0.1,130.007,4
spotify:track:5uaIbU3oHHcSOK6WFNK5nj,"","","",0000,0,0,false,22nfklp6e2bdvfz6yfb4e5zdy,2022-01-09T14:30:24Z,"","",0.766,0.618,11,-8.552,0,0.124,0.0187,0.000115,0.181,0.513,95.054,4
spotify:track:3v2oAQomhOcYCPPHafS3KV,"Opus","Opus","Eric Prydz",2016-02-05,543453,65,false,22nfklp6e2bdvfz6yfb4e5zdy,2022-01-09T14:30:24Z,"","Virgin Records Ltd",0.275,0.721,6,-6.222,0,0.0359,0.000702,0.821,0.0792,0.184,125.156,4
spotify:track:6BypzvGgJdTYBWMT2wktWz,"Fly Away - JPB Remix","Fly Away (The Remixes)","Krys Talk",2015-05-05,210937,0,false,22nfklp6e2bdvfz6yfb4e5zdy,2022-01-09T14:30:24Z,"","NCS",0.584,0.749,6,-6.207,0,0.118,0.0395,0.000173,0.151,0.254,139.99,4
spotify:track:4ABpbQYQViHy9vSA7B0Jxg,"Suit Punjabi","Suit Punjabi","Jass Manak",2019-02-21,201745,0,false,22nfklp6e2bdvfz6yfb4e5zdy,2022-01-09T14:30:24Z,"punjabi pop,desi hip hop,bhangra","Geet Mp3",0.762,0.912,5,-4.724,0,0.216,0.499,0,0.413,0.449,148.023,4
spotify:track:7EVk9tRb6beJLTHrg6AkY9,"Tuesday","Tuesday (feat. Danelle Sandoval)","Burak Yeter;Danelle Sandoval",2016-09-02,241874,77,false,22nfklp6e2bdvfz6yfb4e5zdy,2022-01-09T14:30:24Z,"","SBA Production",0.841,0.639,9,-6.052,0,0.0688,0.0156,0.0654,0.0545,0.675,99.002,4
spotify:track:3sFLrOAYhSXE6UPoovRS9a,"Public Service Announcement (Interlude)","The Hits Collection Volume One (Deluxe)","JAŸ-Z",2010-11-22,166000,45,true,22nfklp6e2bdvfz6yfb4e5zdy,2022-01-09T14:30:24Z,"hip hop,east coast hip hop,rap","Roc Nation / Jay-Z",0.422,0.973,1,-0.506,1,0.541,0.298,0.0000465,0.21,0.567,178.213,4
spotify:track:7ycWLEP1GsNjVvcjawXz3z,"Praise The Lord (Da Shine) (feat. Skepta)","TESTING","A$AP Rocky;Skepta",2018-05-25,205813,83,true,22nfklp6e2bdvfz6yfb4e5zdy,2022-01-09T14:30:24Z,"rap,grime,uk grime","A$AP Worldwide/Polo Grounds Music/RCA Records",0.854,0.569,5,-8.151,0,0.106,0.0609,0.0816,0.1,0.294,80.015,4
spotify:track:6LJFgCd9wU2VptHEwz2Wl3,"Starboy - Kygo Remix","Starboy (Kygo Remix)","The Weeknd;Daft Punk;Kygo",2016-11-11,244720,51,true,22nfklp6e2bdvfz6yfb4e5zdy,2022-01-09T14:30:24Z,"french house,electronic,electro,tropical house","The Weeknd/Lyric",0.752,0.606,9,-7.162,0,0.0912,0.207,0.00000126,0.152,0.409,93.024,4
spotify:track:1SgENhaSaWJ9OWci6zRAvD,"The Uppercut","Loyal To The Game","2Pac;E.D.I. Mean;Young Noble",2004-01-01,230226,47,true,22nfklp6e2bdvfz6yfb4e5zdy,2022-01-09T14:30:24Z,"old school hip hop,gangster rap,west coast hip hop,g-funk,hip hop","Amaru",0.874,0.64,10,-4.083,0,0.306,0.283,0.000002,0.137,0.687,80.991,4
spotify:track:7dHui7yOhsoj7HdWSuJTW7,"Who's Stopping Me (& Metro Boomin)","Double Or Nothing (& Metro Boomin)","Big Sean;Metro Boomin",2017-12-08,213600,47,true,22nfklp6e2bdvfz6yfb4e5zdy,2022-01-09T14:30:24Z,"","Republic/MB/Big Sean",0.663,0.552,7,-10.479,1,0.307,0.425,0,0.0757,0.761,99.722,4
spotify:track:6cxH0VZOU6pg11wiUslfrj,"I've Rationed Well","July Talk","July Talk",2014-09-19,136466,9,false,22nfklp6e2bdvfz6yfb4e5zdy,2022-01-09T14:30:24Z,"","Sleepless Records/License",0.531,0.366,7,-13.844,1,0.0312,0.818,0.141,0.13,0.0559,106.186,3
spotify:track:5GoGjEsPvr0McJQiGGCnws,"Man Listen","Man Listen","Belly",2017-08-25,183920,52,true,22nfklp6e2bdvfz6yfb4e5zdy,2022-01-09T14:30:24Z,"","Belly/Roc Nation",0.771,0.662,2,-6.535,1,0.233,0.0506,0.0343,0.339,0.603,177.916,4
spotify:track:5h0ODSutX73Vt4vZsmmph0,"I Feel Like I'm Drowning","A 20 Something F**k","Two Feet",2018-10-12,185520,37,false,22nfklp6e2bdvfz6yfb4e5zdy,2022-01-09T14:30:24Z,"","Republic Records",0.719,0.575,8,-5.436,1,0.046,0.703,0.00334,0.0899,0.234,104.892,3
spotify:track:1odwi1SN3pJKENZe12U2OQ,"I'm Different","Based On A T.R.U. Story (Deluxe)","2 Chainz",2012-01-01,207040,63,true,22nfklp6e2bdvfz6yfb4e5zdy,2022-01-09T14:30:24Z,"southern hip hop,rap","Def Jam Recordings",0.936,0.702,10,-5.305,1,0.0615,0.0473,0,0.0838,0.704,97.524,4
spotify:track:003vvx7Niy0yvhvHt4a68B,"Mr. Brightside","Hot Fuss","The Killers",2004,222973,94,false,22nfklp6e2bdvfz6yfb4e5zdy,2022-01-09T14:30:24Z,"alternative rock","Island Records",0.352,0.911,1,-5.23,1,0.0747,0.00121,0,0.0995,0.236,148.033,4
spotify:track:6MDjeiUWPPgEwLtiBrr9he,"My Year","My Year","GASHI;G-Eazy",2019-01-24,190344,41,true,22nfklp6e2bdvfz6yfb4e5zdy,2022-01-09T14:30:24Z,"","Honesty Saves Time/RCA Records",0.842,0.808,11,-3.243,0,0.0491,0.206,0,0.258,0.705,145.03,4
spotify:track:3Q9FA2LP9Abih9xkFeNb6U,"Time to Pretend","Time to Pretend","MGMT",2008-01-25,261000,32,true,22nfklp6e2bdvfz6yfb4e5zdy,2022-01-09T14:30:24Z,"indie","Columbia",0.438,0.94,2,-3.249,1,0.0452,0.0000874,0.0777,0.3,0.421,100.99,3
spotify:track:4xigPf2sigSPmuFH3qCelB,"Genius (feat. Sia, Diplo, and Labrinth)","LABRINTH, SIA & DIPLO PRESENT... LSD","Sia;Diplo;Labrinth;LSD",2019-04-12,213706,77,false,22nfklp6e2bdvfz6yfb4e5zdy,2022-01-09T14:30:24Z,"moombahton,dance pop","Records/Columbia",0.603,0.615,11,-4.931,0,0.165,0.0799,0.0000672,0.117,0.561,158.657,4
spotify:track:6rMwYjoFvxKiaEH4If8ZpZ,"How Deep Is Your Love - Calvin Harris & R3hab Remix","How Deep Is Your Love (Remixes)","Calvin Harris;Disciples;R3HAB",2015-08-07,258840,45,false,22nfklp6e2bdvfz6yfb4e5zdy,2022-01-09T14:30:24Z,"edm,house,slap house","Columbia",0.673,0.859,11,-3.007,0,0.056,0.00428,0.0148,0.128,0.111,127.978,4
spotify:track:1SgENhaSaWJ9OWci6zRAvD,"The Uppercut","Loyal To The Game","2Pac;E.D.I. Mean;Young Noble",2004-01-01,230226,47,true,22nfklp6e2bdvfz6yfb4e5zdy,2022-01-09T14:30:24Z,"old school hip hop,gangster rap,west coast hip hop,g-funk,hip hop","Amaru",0.874,0.64,10,-4.083,0,0.306,0.283,0.000002,0.137,0.687,80.991,4
spotify:track:2jiPHbFX5XM8TjaTfYJ0eo,"Stolen Dance","Sadnecessary","Milky Chance",2013-05-31,313684,5,false,22nfklp6e2bdvfz6yfb4e5zdy,2022-01-09T14:30:24Z,"","Lichtdicht Records",0.885,0.581,11,-8.813,1,0.0378,0.427,0.000204,0.0759,0.728,114.016,4
spotify:track:2rgtCOVK2tpfao2VjURn84,"Lovers on the Sun (feat. Sam Martin)","Listen","David Guetta;Sam Martin",2014-11-10,203520,75,false,22nfklp6e2bdvfz6yfb4e5zdy,2022-01-09T14:30:24Z,"edm","Parlophone (France)",0.645,0.891,6,-2.505,0,0.0387,0.0932,0.00000388,0.379,0.568,124.915,4
spotify:track:6ctWstoouxCcvuTsd4cHNS,"Desire - Gryffin Remix","Desire (Gryffin Remix)","Olly Alexander (Years & Years);Gryffin",2015-07-31,268840,71,false,22nfklp6e2bdvfz6yfb4e5zdy,2022-01-09T14:30:24Z,"edm,melodic bass,future bass","Polydor Records",0.543,0.876,10,-5.069,0,0.0512,0.0606,0,0.157,0.415,122.058,4
spotify:track:2OSsMwCiZPC44tJ4OPVSZF,"All I Need (with Gucci Mane)","All I Need (with Gucci Mane)","Dimitri Vegas & Like Mike;Gucci Mane",2018-05-04,185264,36,false,22nfklp6e2bdvfz6yfb4e5zdy,2022-01-09T14:30:24Z,"big room,electronica,edm,southern hip hop,rap,trap","Epic Amsterdam",0.492,0.801,11,-4.204,0,0.0567,0.101,0,0.0798,0.329,150.036,4
spotify:track:1NeLwFETswx8Fzxl2AFl91,"Something About Us","Discovery","Daft Punk",2001-03-12,232666,76,false,22nfklp6e2bdvfz6yfb4e5zdy,2022-01-09T14:30:24Z,"french house,electronic,electro","Daft Life Ltd./ADA France",0.875,0.475,9,-12.673,0,0.0986,0.44,0.72,0.046,0.384,99.958,4
spotify:track:5eCkuGPZNl4mISFNPgr3Dd,"Down","ACT ONE","Marian Hill",2016-06-24,197773,55,false,22nfklp6e2bdvfz6yfb4e5zdy,2022-01-09T14:30:24Z,"","Photo Finish / Republic Records",0.678,0.357,0,-14.712,0,0.128,0.675,0.00569,0.124,0.0661,113.301,5
spotify:track:5jyUBKpmaH670zrXrE0wmO,"Reload - Radio Edit","Reload (Vocal Version / Radio Edit)","Sebastian Ingrosso;Tommy Trash;John Martin",2013-01-01,221272,71,false,22nfklp6e2bdvfz6yfb4e5zdy,2022-01-09T14:30:24Z,"edm","Universal Music AB Distributed Labels",0.485,0.723,9,-4.633,0,0.0518,0.0736,0,0.0631,0.432,128.045,4
spotify:track:6gpcs5eMhJwax4mIfKDYQk,"Slide (feat. Frank Ocean & Migos)","Slide (feat. Frank Ocean & Migos)","Calvin Harris;Frank Ocean;Migos",2017-02-24,230813,70,true,22nfklp6e2bdvfz6yfb4e5zdy,2022-01-09T14:30:24Z,"edm,trap","Columbia",0.736,0.795,1,-3.299,0,0.0545,0.498,0.00000121,0.254,0.511,104.066,4
spotify:track:6mUvHqJ3UnQQHDxI0tJaVj,"Oceans Away - Vicetone Remix","Oceans Away (Vicetone Remix)","A R I Z O N A;Vicetone",2017-02-17,196487,31,false,22nfklp6e2bdvfz6yfb4e5zdy,2022-01-09T14:30:24Z,"edm","Atlantic Records",0.663,0.834,5,-4.642,0,0.0358,0.0509,0.000618,0.107,0.385,121.032,4
spotify:track:0DiWol3AO6WpXZgp0goxAV,"One More Time","Discovery","Daft Punk",2001-03-12,320357,84,false,22nfklp6e2bdvfz6yfb4e5zdy,2022-01-09T14:30:24Z,"french house,electronic,electro","Daft Life Ltd./ADA France",0.613,0.697,2,-8.618,1,0.133,0.0194,0,0.332,0.476,122.746,4
spotify:track:2cGxRwrMyEAp8dEbuZaVv6,"Instant Crush (feat. Julian Casablancas)","Random Access Memories","Daft Punk;Julian Casablancas",2013-05-20,337560,79,false,22nfklp6e2bdvfz6yfb4e5zdy,2022-01-09T14:30:24Z,"french house,electronic,electro","Columbia",0.775,0.585,10,-9.516,0,0.0271,0.0422,0.619,0.077,0.518,109.942,4
spotify:track:1C5e7ZRscn79tjMEc3swc7,"Kangna","Unda Da Influence","Dr Zeus;Master Rakesh;Shortie;Deepti",2003-01-01,210680,0,false,22nfklp6e2bdvfz6yfb4e5zdy,2022-01-09T14:30:24Z,"bhangra,punjabi pop,punjabi hip hop,desi,desi hip hop,desi pop","Dr Zeus Worldwide",0.756,0.858,1,-4.05,0,0.0585,0.035,0.000254,0.061,0.764,101.984,4
spotify:track:3aLWuWKHaTV4Ok7LKvXRYn,"Let Me Hold You (Turn Me On)","Let Me Hold You (Turn Me On)","Cheat Codes;Dante Klein",2016-04-13,162425,61,false,22nfklp6e2bdvfz6yfb4e5zdy,2022-01-09T14:30:24Z,"","Spinnin' Records",0.681,0.774,1,-3.167,0,0.0787,0.0992,0,0.35,0.267,102.924,4
spotify:track:2Z8WuEywRWYTKe1NybPQEW,"Ride","Blurryface","Twenty One Pilots",2015-05-15,214506,87,false,22nfklp6e2bdvfz6yfb4e5zdy,2022-01-09T14:30:24Z,"","Fueled By Ramen",0.645,0.713,6,-5.355,1,0.0393,0.00835,0,0.113,0.566,74.989,4
spotify:track:666PVRQwthLYiWMfdW4JMB,"Cake By The Ocean","I Babysitter (Original Motion Picture Soundtrack)","DNCE",2016-10-19,218440,42,true,22nfklp6e2bdvfz6yfb4e5zdy,2022-01-09T14:30:24Z,"","Creazioni Artistiche Musicali C.A.M. S.r.l",0.771,0.746,4,-5.925,0,0.052,0.144,0,0.0563,0.883,118.999,4
spotify:track:3CA9pLiwRIGtUBiMjbZmRw,"Nice For What","Scorpion","Drake",2018-06-29,210746,82,true,22nfklp6e2bdvfz6yfb4e5zdy,2022-01-09T14:30:24Z,"rap","Cash Money/Drake LP6",0.585,0.909,8,-6.474,1,0.0707,0.0891,0.000097,0.119,0.758,93.372,4
spotify:track:7w3rcy1CrATkUgCoItTbId,"Love Lies","Love, Simon (Original Motion Picture Soundtrack)","Khalid;Normani",2018-03-16,200976,45,true,22nfklp6e2bdvfz6yfb4e5zdy,2022-01-09T14:30:24Z,"","RCA Records Label",0.702,0.573,6,-7.748,1,0.049,0.108,0,0.114,0.394,143.916,4
spotify:track:4Li2WHPkuyCdtmokzW2007,"Ni**as In Paris","Watch The Throne (Deluxe)","JAŸ-Z;Kanye West",2011-08-08,219333,16,true,22nfklp6e2bdvfz6yfb4e5zdy,2022-01-09T14:30:24Z,"hip hop,east coast hip hop,rap","Roc Nation/RocAFella/IDJ",0.789,0.858,1,-5.542,1,0.311,0.129,0,0.349,0.776,140.022,4
spotify:track:3uulVrxiI7iLTjOBZsaiF8,"Donald Trump","Donald Trump - Single","Mac Miller",2011-05-17,165908,2,true,22nfklp6e2bdvfz6yfb4e5zdy,2022-01-09T14:30:24Z,"","Rostrum Records",0.636,0.901,1,-7.094,0,0.118,0.119,0,0.391,0.836,162.994,4
spotify:track:0hwRxFtVC0vxoDhTRezS72,"Lullaby - Sigala Festival Edit","Lullaby (Remixes)","Sigala;Paloma Faith",2018-05-18,278732,26,false,22nfklp6e2bdvfz6yfb4e5zdy,2022-01-09T14:30:24Z,"","Ministry of Sound Recordings",0.73,0.94,8,-2.653,1,0.0554,0.0322,0.000163,0.096,0.753,125.018,4
spotify:track:7A8nMYjmHmDkbZhR7TNYyK,"Last Dragon","Opus","Eric Prydz",2016-02-05,405946,45,false,22nfklp6e2bdvfz6yfb4e5zdy,2022-01-09T14:30:25Z,"","Virgin Records Ltd",0.632,0.748,7,-5.105,0,0.0304,0.000222,0.924,0.651,0.617,126.012,4
spotify:track:7cDbqFvw45zdLHGltdb1g9,"The Underdog","Ga Ga Ga Ga Ga (2017 Remaster)","Spoon",2017-10-20,222106,62,false,22nfklp6e2bdvfz6yfb4e5zdy,2022-01-09T14:30:25Z,"indie rock,indie","Matador",0.693,0.528,7,-10.855,1,0.0365,0.069,0.00142,0.663,0.91,145.159,4
spotify:track:5IsTxylwdlhZXSD3fWhszJ,"I Think I Like It","Last Night Cheap Thrills Saved My Life (A Disco House Compilation)","Fake Blood",2015-01-01,335800,0,false,22nfklp6e2bdvfz6yfb4e5zdy,2022-01-09T14:30:25Z,"electronica","Cheap Thrills",0.748,0.84,1,-6.008,1,0.208,0.0142,0.09,0.146,0.641,128.024,4
spotify:track:16N85X3HBrk8dmAeq1Y3DL,"Hoohah - Radio Edit","Hoohah (Radio Edit)","Fox Stevenson;Curbi",2015-08-31,190513,0,false,22nfklp6e2bdvfz6yfb4e5zdy,2022-01-09T14:30:25Z,"drum and bass,dubstep,drumstep,future house,bass house","Spinnin' Records",0.692,0.875,1,-4.68,0,0.0545,0.0013,0.904,0.656,0.655,126.002,4
spotify:track:0cD9mIZh7oEGdyVyKQkFib,"Watch the Sun Come Up","Won't Go Quietly","Example",2010-06-20,203943,0,false,22nfklp6e2bdvfz6yfb4e5zdy,2022-01-09T14:30:25Z,"","Ministry of Sound Recordings",0.62,0.932,2,-2.46,1,0.168,0.203,0,0.163,0.726,114.988,4
spotify:track:0R8P9KfGJCDULmlEoBagcO,"Trouble","Parachutes","Coldplay",2000-07-10,273426,75,false,22nfklp6e2bdvfz6yfb4e5zdy,2022-01-09T14:30:25Z,"","Parlophone UK",0.565,0.546,11,-7.496,0,0.0314,0.189,0.0015,0.17,0.195,139.757,4
spotify:track:1cAVNmyZ2aF5cPTkeXPjXX,"Discharge","Discharge","Curbi",2015-03-16,263778,27,false,22nfklp6e2bdvfz6yfb4e5zdy,2022-01-09T14:30:25Z,"future house,bass house","Spinnin' Deep",0.774,0.978,11,-2.061,1,0.144,0.0531,0.795,0.227,0.848,125.977,4
spotify:track:2nEntnpNpsJNhw1wLY8O96,"Jeet","Ved","Ritviz",2019-07-01,184848,50,false,22nfklp6e2bdvfz6yfb4e5zdy,2022-01-09T14:30:25Z,"indian indie,hindi indie,hindi pop","Ritviz",0.787,0.734,0,-6.465,1,0.0703,0.364,0.000995,0.0625,0.644,98.989,4
spotify:track:5BOZ4skcMubA0R6RD4zf64,"Girls Like (feat. Zara Larsson)","YOUTH","Tinie Tempah;Zara Larsson",2017-03-31,195306,71,true,22nfklp6e2bdvfz6yfb4e5zdy,2022-01-09T14:30:25Z,"grime","Parlophone UK",0.916,0.815,0,-3.418,1,0.0495,0.386,0.00000634,0.0765,0.577,120.032,4
spotify:track:0HXhk04CE4fE2Xr387TET3,"Legend","The Beautiful & Damned","G-Eazy",2017-12-15,205360,45,true,22nfklp6e2bdvfz6yfb4e5zdy,2022-01-09T14:30:25Z,"","BPG/RVG/RCA Records",0.807,0.597,10,-4.813,0,0.0489,0.0722,0,0.119,0.181,75,4
spotify:track:3BiV2cqzZLnp5Wvi33a1fJ,"Barbra Streisand","Quack","Duck Sauce;A-Trak;Armand Van Helden",2014-04-15,264813,0,true,22nfklp6e2bdvfz6yfb4e5zdy,2022-01-09T14:30:25Z,"disco house","Fool's Gold Records",0.707,0.813,1,-4.129,1,0.339,0.00649,0.000448,0.249,0.741,127.901,4
spotify:track:7ANTxFOAiUu8KZ4r5rboM2,"Detroit Vs. Everybody","SHADYXV","Eminem;Royce Da 5'9"";Big Sean;Danny Brown;DeJ Loaf;Trick Trick",2014-11-24,357253,19,false,22nfklp6e2bdvfz6yfb4e5zdy,2022-01-09T14:30:25Z,"rap,hip hop,experimental hip hop,alternative hip hop","Shady Records",0.704,0.765,7,-7.022,1,0.335,0.0773,0,0.299,0.32,87.92,4
spotify:track:6Hgh47WXVKtXN5zGOu0hjI,"OTW","OTW","Khalid;6LACK;Ty Dolla $ign",2018-04-20,263013,73,true,22nfklp6e2bdvfz6yfb4e5zdy,2022-01-09T14:30:25Z,"trap soul","Right Hand Music Group, LLC/RCA Records",0.652,0.678,2,-6.183,1,0.0541,0.183,0.0000326,0.106,0.28,72.989,4
spotify:track:2KklXplRtxMsBYo474Es0w,"Be Mine","Be Mine","Ofenbach",2016-11-25,161322,73,false,22nfklp6e2bdvfz6yfb4e5zdy,2022-01-09T14:30:25Z,"","Elektra France",0.779,0.666,5,-7.361,1,0.0482,0.194,0.000556,0.0576,0.507,123.024,4
spotify:track:6h5PAsRni4IRlxWr6uDPTP,"More Than You Know","More Than You Know","Axwell /\ Ingrosso;Axwell;Sebastian Ingrosso",2017-07-28,203000,81,false,22nfklp6e2bdvfz6yfb4e5zdy,2022-01-09T14:30:25Z,"edm","Pophouse Entertainment Group",0.646,0.741,5,-4.973,0,0.034,0.0275,0,0.312,0.571,123.077,4
spotify:track:6MDjeiUWPPgEwLtiBrr9he,"My Year","My Year","GASHI;G-Eazy",2019-01-24,190344,41,true,22nfklp6e2bdvfz6yfb4e5zdy,2022-01-09T14:30:25Z,"","Honesty Saves Time/RCA Records",0.842,0.808,11,-3.243,0,0.0491,0.206,0,0.258,0.705,145.03,4
spotify:track:5mqzhMuUpvnMfwNz6iepmO,"Welcome to the Party (with French Montana & Lil Pump, feat. Zhavia Ward) - from Deadpool 2","Welcome to the Party (with French Montana & Lil Pump, feat. Zhavia Ward) [from Deadpool 2]","Diplo;French Montana;Lil Pump;Zhavia",2018-05-15,181720,63,true,22nfklp6e2bdvfz6yfb4e5zdy,2022-01-09T14:30:25Z,"moombahton","Columbia",0.618,0.845,2,0.175,1,0.132,0.114,0,0.415,0.486,171.921,4
spotify:track:6xATKzdUO89mZvStODhUSR,"Hunter","G I R L","Pharrell Williams",2014-03-03,240934,45,false,22nfklp6e2bdvfz6yfb4e5zdy,2022-01-09T14:30:25Z,"","Columbia",0.93,0.511,5,-4.384,0,0.0863,0.0624,0.0000303,0.0644,0.813,110.365,4
spotify:track:0MOiv7WTXCqvm89lVCf9C8,"Million Voices - Radio Edit","Million Voices","Otto Knows",2012-01-01,192866,70,false,22nfklp6e2bdvfz6yfb4e5zdy,2022-01-09T14:30:25Z,"","Universal Music AB Distributed Labels",0.582,0.894,8,-6.298,1,0.041,0.0022,0.0223,0.0664,0.0694,125.946,4
spotify:track:3EEWeoEsWY5kO8UdtluGcg,"Indian Summer","Kindred Spirits","Jai Wolf",2016-11-18,248470,0,false,22nfklp6e2bdvfz6yfb4e5zdy,2022-01-09T14:30:25Z,"","Mom+Pop",0.431,0.824,6,-2.52,1,0.0641,0.0244,0.0457,0.0845,0.0397,169.821,4
spotify:track:4ncKLbNlKDq6ccyPTiGnQo,"Trump-It","Trump-It","Gianluca Vacchi",2018-02-02,153822,50,false,22nfklp6e2bdvfz6yfb4e5zdy,2022-01-09T14:30:25Z,"latin house","Spinnin' Records",0.672,0.962,11,-3.391,1,0.0426,0.000721,0.849,0.037,0.446,125.016,4
spotify:track:48hJUROArdc4DBuVVpxMx8,"Can't Get Enough (feat. Iceberg Slimm)","Storyteller","Raghav;Iceberg Slimm",2004-09-06,201426,48,false,22nfklp6e2bdvfz6yfb4e5zdy,2022-01-09T14:30:25Z,"desi pop,bollywood,hindi indie,desi,uk r&b","MATHURMATICS RECORDS LTD",0.83,0.668,6,-5.369,0,0.123,0.0675,0,0.187,0.901,100.511,4
spotify:track:2WIwmd809qDTOn4UJgDnNi,"Show Me Love - Radio Edit","Show Me Love","Steve Angello;Laidback Luke;Robin S",2009-03-24,184846,1,false,22nfklp6e2bdvfz6yfb4e5zdy,2022-01-09T14:30:25Z,"progressive house,big room,electro house","Mixmash Records",0.654,0.856,5,-4.197,1,0.0586,0.517,0,0.128,0.574,129.928,4
spotify:track:6QdnKD1zwEgyOWtkrdzlOF,"Hurt You","My Dear Melancholy,","The Weeknd;Gesaffelstein",2018-03-30,230026,72,true,22nfklp6e2bdvfz6yfb4e5zdy,2022-01-09T14:30:25Z,"","The Weeknd/Lyric",0.477,0.718,5,-7.227,0,0.15,0.259,0.00275,0.109,0.361,183.934,4
spotify:track:7yJzk64ul9PFgVFUYbEzZL,"Jungle Bae (feat. Bunji Garlin & MX Prime)","Skrillex and Diplo present Jack Ü","Jack Ü;Skrillex;Diplo;Bunji Garlin;Mx Prime",2015-02-24,208125,51,false,22nfklp6e2bdvfz6yfb4e5zdy,2022-01-09T14:30:25Z,"dubstep,edm,electro,electronic,moombahton,soca,dancehall,calypso","OWSLA/Mad Decent",0.744,0.997,2,-1.325,1,0.13,0.0304,0.00256,0.0737,0.558,127.975,4
spotify:track:0OWMb0mr5PZvb8VoI8qNTq,"Fill Me In","Fill Me In","Loud Luxury;Ryan Shepherd",2017-02-03,219855,55,false,22nfklp6e2bdvfz6yfb4e5zdy,2022-01-09T14:30:25Z,"","AFTR:HRS",0.745,0.704,8,-7.306,0,0.0418,0.0516,0.000683,0.153,0.393,124.02,4
spotify:track:14blxrgE0VWAgv5aF2wWmx,"Good Life","Graduation","Kanye West;T-Pain",2007-09-11,207000,5,true,22nfklp6e2bdvfz6yfb4e5zdy,2022-01-09T14:30:25Z,"rap","Roc-A-Fella",0.439,0.808,1,-6.881,1,0.346,0.00305,0,0.439,0.487,82.962,4
spotify:track:1yMbUKRRiISrp66LUHRpSr,"Cole’s Memories - Original Mix","We Are Your Friends (Music From The Original Motion Picture)","Pyramid",2015-08-21,351213,51,false,22nfklp6e2bdvfz6yfb4e5zdy,2022-01-09T14:30:25Z,"electronica","UMGRI Interscope",0.573,0.522,8,-11.369,1,0.0388,0.00452,0.792,0.0932,0.0517,125.987,4
spotify:track:0pCVuNCI5VwVg4u3iRZVVH,"Don't You Worry Child - Radio Edit","Last Friyay Night","Swedish House Mafia;John Martin",2022-01-05,211360,0,false,22nfklp6e2bdvfz6yfb4e5zdy,2022-01-09T14:30:25Z,"edm","UME - Global Clearing House",0.609,0.83,11,-3.229,0,0.0552,0.117,0,0.18,0.478,128.986,4
spotify:track:7iL6o9tox1zgHpKUfh9vuC,"In Da Club","Get Rich Or Die Tryin'","50 Cent",2003-02-06,193466,84,true,22nfklp6e2bdvfz6yfb4e5zdy,2022-01-09T14:30:25Z,"old school hip hop,east coast hip hop","Shady Records",0.899,0.713,6,-2.752,0,0.366,0.255,0,0.0708,0.777,90.051,4
spotify:track:6GgPsuz0HEO0nrO2T0QhDv,"No Hands (feat. Roscoe Dash & Wale)","No Hands (feat. Roscoe Dash & Wale)","Waka Flocka Flame;Roscoe Dash;Wale",2010-09-06,263773,64,true,22nfklp6e2bdvfz6yfb4e5zdy,2022-01-09T14:30:25Z,"","Asylum/Warner Records",0.76,0.595,1,-6.366,1,0.0391,0.00544,0,0.241,0.361,131.497,4
spotify:track:5PX4uS1LqlWEPL69phPVQQ,"Pursuit Of Happiness - Extended Steve Aoki Remix","Pursuit Of Happiness [Extended Steve Aoki Remix (Explicit)]","Kid Cudi;MGMT;Ratatat;Steve Aoki",2012-01-01,373626,78,true,22nfklp6e2bdvfz6yfb4e5zdy,2022-01-09T14:30:25Z,"indie,electro house,edm","Kid Cudi/Universal Records",0.722,0.687,0,-5.189,1,0.0556,0.00949,0.00413,0.0462,0.619,128.013,4
spotify:track:2aPTvyE09vUCRwVvj0I8WK,"Sundress","Sundress","A$AP Rocky",2018-11-20,158205,84,true,22nfklp6e2bdvfz6yfb4e5zdy,2022-01-09T14:30:25Z,"rap","A$AP Worldwide/Polo Grounds Music/RCA Records",0.721,0.707,6,-6.364,1,0.0595,0.181,0.00000368,0.143,0.743,125.005,4
spotify:track:2Kl1E3NdbzT7vVi93TffoX,"Pompeii - Audien Remix","Pompeii (Audien Remix)","Bastille;Audien",2014-01-01,352968,53,false,22nfklp6e2bdvfz6yfb4e5zdy,2022-01-09T14:30:25Z,"edm,progressive house","EMI (Virgin)",0.649,0.792,9,-3.505,1,0.043,0.00364,0.0000287,0.104,0.235,128.032,4
spotify:track:1YrC8s6yZWw23QxW6rfM9f,"Come","Zanaka","Jain",2016-10-21,162266,61,false,22nfklp6e2bdvfz6yfb4e5zdy,2022-01-09T14:30:25Z,"french pop","Columbia",0.818,0.783,1,-6.534,1,0.0444,0.232,0.00886,0.0803,0.819,99.992,4
spotify:track:36c4JohayB9qd64eidQMBi,"Doin' it Right (feat. Panda Bear)","Random Access Memories","Daft Punk;Panda Bear",2013-05-20,251293,63,false,22nfklp6e2bdvfz6yfb4e5zdy,2022-01-09T14:30:25Z,"french house,electronic,electro,neo-psychedelic","Columbia",0.804,0.451,6,-8.207,1,0.0949,0.388,0.0000217,0.0924,0.19,178.061,4
spotify:track:1CZyEpQeKPWp9Eeq4ppzyR,"No Beef (feat. Miss Palmer) - Vocal Mix","No Beef","AFROJACK;Steve Aoki;Miss Palmer",2011-08-22,361941,44,false,22nfklp6e2bdvfz6yfb4e5zdy,2022-01-09T14:30:25Z,"edm,big room,electro house","Wall Recordings",0.741,0.838,11,-5.181,0,0.0405,0.0229,0.309,0.0649,0.234,127.98,4
spotify:track:0hVXuCcriWRGvwMV1r5Yn9,"I Don't Care (with Justin Bieber)","No.6 Collaborations Project","Ed Sheeran & Justin Bieber;Justin Bieber",2019-07-12,219946,69,false,22nfklp6e2bdvfz6yfb4e5zdy,2022-01-09T14:30:25Z,"","Atlantic Records UK",0.798,0.676,6,-5.041,1,0.0442,0.0902,0,0.0894,0.843,101.956,4
spotify:track:3xyTufSSGLP3oZnomceAVW,"Interstellar Overdrive","The Piper at the Gates of Dawn","Pink Floyd",1967-08-05,580586,47,false,22nfklp6e2bdvfz6yfb4e5zdy,2022-01-09T14:30:25Z,"progressive rock,psychedelic rock,classic rock,art rock,rock","Pink Floyd Records",0.23,0.704,9,-10.975,1,0.0566,0.767,0.869,0.112,0.308,94.227,4
spotify:track:2V4bv1fNWfTcyRJKmej6Sj,"Cooler Than Me - Single Mix","31 Minutes to Takeoff","Mike Posner;Gigamesh",2010-08-09,213293,82,false,22nfklp6e2bdvfz6yfb4e5zdy,2022-01-09T14:30:25Z,"nu disco,french house,indie dance","J Records",0.768,0.82,7,-4.63,0,0.0474,0.179,0,0.689,0.625,129.965,4
spotify:track:0Y4hwUppbGc8aIBmiTz30A,"Familiar","Familiar","Liam Payne;J Balvin",2018-04-20,196552,54,false,22nfklp6e2bdvfz6yfb4e5zdy,2022-01-09T14:30:25Z,"reggaeton,latin","Capitol Records UK / EMI",0.636,0.805,9,-4.594,1,0.328,0.0161,0,0.0794,0.908,92.95,4
spotify:track:51rPRW8NjxZoWPPjnRGzHw,"Tadow","Lady Lady","Masego;FKJ",2018-09-07,301893,12,false,22nfklp6e2bdvfz6yfb4e5zdy,2022-01-09T14:30:25Z,"","EQT Recordings, LLC",0.704,0.487,9,-6.407,0,0.0604,0.669,0.0000864,0.111,0.313,121.726,4
spotify:track:0ixVLOeDQc21uZ9y8qKqPp,"Destiny","Destiny","Markus Schulz;Delacey",2015-04-20,227927,29,false,22nfklp6e2bdvfz6yfb4e5zdy,2022-01-09T14:30:25Z,"trance,progressive trance","Coldharbour Recordings",0.551,0.896,3,-5.291,0,0.063,0.0135,0.000125,0.368,0.187,129.977,4
spotify:track:6GRDI9suQHikFP6euIXnpq,"Hero","Loma Vista","Family of the Year",2012-07-10,190280,1,false,22nfklp6e2bdvfz6yfb4e5zdy,2022-01-09T14:30:25Z,"","Nettwerk Records",0.341,0.539,5,-5.76,1,0.0265,0.213,0.0000644,0.109,0.267,174.564,4
spotify:track:6KrHMGsh5lpnCBpYM5a4rT,"Despair, Hangover & Ecstasy","Shake, Shook, Shaken","The Dø",2015-01-27,172891,0,false,22nfklp6e2bdvfz6yfb4e5zdy,2022-01-09T14:30:25Z,"french indie pop","Get Down! Under Exclusive License to Siamese Squids",0.606,0.902,2,-4.129,0,0.0746,0.0252,0,0.181,0.611,142.95,4
spotify:track:6pGkkjvtWn3PQRenzNqXDb,"Miracles (Back in Time)","Shake, Shook, Shaken","The Dø",2015-01-27,269173,0,false,22nfklp6e2bdvfz6yfb4e5zdy,2022-01-09T14:30:25Z,"french indie pop","Get Down! Under Exclusive License to Siamese Squids",0.694,0.872,7,-5.545,0,0.0491,0.181,0.0568,0.113,0.42,125.906,4
spotify:track:6eT7xZZlB2mwyzJ2sUKG6w,"White Iverson","Stoney (Deluxe)","Post Malone",2016-12-09,256532,82,true,22nfklp6e2bdvfz6yfb4e5zdy,2022-01-09T14:30:25Z,"","Mercury Records/Republic Owned",0.675,0.561,7,-7.678,1,0.0352,0.233,0,0.0793,0.309,130.098,4
spotify:track:7BtX4o8uMrwkmSoehSgjId,"Cudi Zone","Man On The Moon: The End Of Day","Kid Cudi",2009-01-01,259040,39,true,22nfklp6e2bdvfz6yfb4e5zdy,2022-01-09T14:30:25Z,"","Kid Cudi/Universal Records",0.705,0.7,9,-5.959,0,0.0337,0.574,0.00000128,0.249,0.634,134.743,4
spotify:track:0y6gmJdgwbpXJ9J4Zp5Qrh,"See You in the Other Side","The Hall","Pyramid",2011-03-28,332000,53,false,22nfklp6e2bdvfz6yfb4e5zdy,2022-01-09T14:30:25Z,"electronica","Space Designer",0.559,0.701,5,-9.843,0,0.0446,0.00432,0.874,0.117,0.0757,130.019,4
spotify:track:2XU0oxnq2qxCpomAAuJY8K,"Dance Monkey","Dance Monkey (Stripped Back) / Dance Monkey","Tones And I",2019-10-17,209438,76,false,22nfklp6e2bdvfz6yfb4e5zdy,2022-01-09T14:30:25Z,"","Elektra (NEK)",0.824,0.588,6,-6.4,0,0.0924,0.692,0.000104,0.149,0.513,98.027,4
spotify:track:6iW38RGqdDGOofmz2HeXLW,"Piece Of Your Heart - Alok Remix","Piece Of Your Heart (Alok Remix)","MEDUZA;Alok;Goodboys",2019-06-07,166451,71,false,22nfklp6e2bdvfz6yfb4e5zdy,2022-01-09T14:30:25Z,"brazilian bass,electronic,slap house,electro house","Intercord",0.797,0.86,10,-4.38,0,0.0413,0.0312,0.0137,0.334,0.192,124.033,4
spotify:track:3TffxZTpAmHmPRk3lHjMvI,"One (Your Name)","One (Your Name)","Swedish House Mafia;Pharrell Williams",2010-07-23,351440,42,false,22nfklp6e2bdvfz6yfb4e5zdy,2022-01-09T14:30:25Z,"edm","Virgin",0.842,0.657,2,-6.707,1,0.0811,0.00761,0.103,0.0579,0.211,125.023,4
spotify:track:7GX5flRQZVHRAGd6B4TmDO,"XO Tour Llif3","Luv Is Rage 2","Lil Uzi Vert",2017-08-25,182706,83,true,22nfklp6e2bdvfz6yfb4e5zdy,2022-01-09T14:30:25Z,"melodic rap,rage rap","Generation Now/Atlantic",0.732,0.75,11,-6.366,0,0.231,0.00264,0,0.109,0.401,155.096,4
spotify:track:4Kz4RdRCceaA9VgTqBhBfa,"The Motto","Take Care (Deluxe)","Drake;Lil Wayne",2011-11-15,181573,77,true,22nfklp6e2bdvfz6yfb4e5zdy,2022-01-09T14:30:25Z,"rap,hip hop","Cash Money Records/Young Money Ent./Universal Rec.",0.766,0.442,1,-8.558,1,0.356,0.000107,0.0000612,0.111,0.39,201.8,4
spotify:track:6gK0tRpmvPiiYY8YHnbtpf,"Hot N*gga","Shmurda She Wrote","Bobby Shmurda",2014-11-10,194146,53,true,22nfklp6e2bdvfz6yfb4e5zdy,2022-01-09T14:30:25Z,"","Epic/GS9",0.792,0.505,9,-7.365,1,0.414,0.0522,0.00000114,0.055,0.177,168,4
spotify:track:57Z3wNX4RooeGjVyW5HUl9,"Stunnin' - feat. Harm Franklin - Explicit","Stunnin' (feat. Harm Franklin)","Curtis Waters;Harm Franklin",2020-05-19,144000,47,true,22nfklp6e2bdvfz6yfb4e5zdy,2022-01-09T14:30:25Z,"","BMG Rights Management (US) LLC",0.885,0.685,11,-6.429,0,0.0627,0.33,0,0.148,0.937,99.954,4
spotify:track:0CAAsYz6LTYmflYi3hWnTG,"Boys","Viral Rewind","Lizzo",2021-12-31,172630,0,false,22nfklp6e2bdvfz6yfb4e5zdy,2022-01-09T14:30:25Z,"","Warner Music Group - X5 Music Group",0.891,0.586,1,-4.289,0,0.0763,0.00321,0.000141,0.0498,0.777,120.042,4
spotify:track:0Aqi7ArnBrGblW5T6p2jmD,"Falling","Nicotine","Trevor Daniel",2020-03-26,159381,77,false,22nfklp6e2bdvfz6yfb4e5zdy,2022-01-09T14:30:25Z,"","Alamo",0.785,0.431,10,-8.756,0,0.0364,0.123,0,0.0887,0.236,127.085,4
spotify:track:6EDO9iiTtwNv6waLwa1UUq,"POPSTAR (feat. Drake)","POPSTAR (feat. Drake)","DJ Khaled;Drake",2020-07-17,200221,70,true,22nfklp6e2bdvfz6yfb4e5zdy,2022-01-09T14:30:25Z,"rap","OVO/We The Best/Epic",0.8,0.56,5,-4.818,0,0.261,0.057,0,0.134,0.45,163.071,4
spotify:track:3PKXYcaVN16T9d7H0qikG8,"Alors On Danse - Featuring Erik Hassle","Alors On Danse","Stromae;Erik Hassle",2010-01-01,208746,47,false,22nfklp6e2bdvfz6yfb4e5zdy,2022-01-09T14:30:25Z,"french pop,swedish pop","Universal Music Distributed Labels",0.736,0.784,1,-5.323,0,0.0561,0.158,0.0000892,0.0549,0.8,117.967,4
spotify:track:6RnkFd8Fqqgk1Uni8RgqCQ,"Like I Do","Like I Do","David Guetta;Martin Garrix;Brooks",2018-02-22,202500,63,false,22nfklp6e2bdvfz6yfb4e5zdy,2022-01-09T14:30:25Z,"edm,progressive house,electronica,future house","Parlophone (France)",0.635,0.9,0,-3.719,0,0.0377,0.00664,0.0145,0.37,0.15,127.978,4
spotify:track:3B1Je3rlEac3p4ikYW13zw,"Define","Define","Dom Dolla;Go Freek",2015-07-24,232129,67,false,22nfklp6e2bdvfz6yfb4e5zdy,2022-01-09T14:30:25Z,"house,tech house,future house","Sweat It Out",0.405,0.808,0,-3.867,0,0.0355,0.18,0.000412,0.133,0.32,122.043,4
spotify:track:7M2tXmeS15NAzEn7ABFeBg,"Homicide (feat. Eminem)","Confessions of a Dangerous Mind","Logic;Eminem",2019-05-10,245386,69,true,22nfklp6e2bdvfz6yfb4e5zdy,2022-01-09T14:30:25Z,"rap,hip hop","Def Jam Recordings",0.695,0.758,10,-5.667,0,0.398,0.137,0,0.167,0.769,140.056,4
spotify:track:1evfVtHkJIJdZezzgvAvNX,"U Can't Touch This","Greatest Hits","MC Hammer",1996-10-01,257000,47,false,22nfklp6e2bdvfz6yfb4e5zdy,2022-01-09T14:30:25Z,"","EMI/EMI Records (USA)",0.874,0.696,11,-7.178,0,0.086,0.00371,0.000539,0.0448,0.861,133.344,4
spotify:track:2qYKbbruK1B3CoTBJr2BpH,"One Day / Reckoning Song (Wankelmut Remix) [Radio Edit]","Music Made for Chillout","Asaf Avidan;The Mojos;Wankelmut",2017-12-01,210986,0,false,22nfklp6e2bdvfz6yfb4e5zdy,2022-01-09T14:30:25Z,"","Sony Music CG",0.825,0.661,3,-6.373,0,0.0602,0.198,0.0000568,0.11,0.57,119.007,4
spotify:track:5SkRLpaGtvYPhw02vZhQQ9,"All Falls Down","The College Dropout","Kanye West;Syleena Johnson",2004-02-10,223506,86,true,22nfklp6e2bdvfz6yfb4e5zdy,2022-01-09T14:30:25Z,"rap,neo soul","Roc-A-Fella",0.657,0.734,8,-4.832,0,0.484,0.149,0,0.139,0.434,91.03,4
spotify:track:2Fxmhks0bxGSBdJ92vM42m,"bad guy","WHEN WE ALL FALL ASLEEP, WHERE DO WE GO?","Billie Eilish",2019-03-29,194087,84,false,22nfklp6e2bdvfz6yfb4e5zdy,2022-01-09T14:30:25Z,"","Darkroom/Interscope Records",0.701,0.425,7,-10.965,1,0.375,0.328,0.13,0.1,0.562,135.128,4
spotify:track:1VNWaY3uNfoeWqb5U8x2QX,"Lonely Day","Hypnotize","System Of A Down",2005-11-22,167906,86,false,22nfklp6e2bdvfz6yfb4e5zdy,2022-01-09T14:30:25Z,"nu metal,metal,alternative metal,rap metal,rock","American/Columbia",0.47,0.796,8,-3.277,0,0.0336,0.362,0.0000011,0.133,0.215,113.108,3
spotify:track:1SWVDBtw6h3tm9OehOkDhv,"What's The Difference","2001","Dr. Dre;Eminem;Xzibit",1999-11-16,244200,77,true,22nfklp6e2bdvfz6yfb4e5zdy,2022-01-09T14:30:25Z,"old school hip hop,g-funk,gangster rap,west coast hip hop,hip hop,rap,hardcore hip hop","Aftermath",0.772,0.821,11,-0.14,0,0.25,0.223,0,0.148,0.77,91.921,4
spotify:track:6sonAwZ8ruHZVzdAwDYsfk,"Never Let You Go (feat. John Newman)","Kids in Love","Kygo;John Newman",2017-11-03,232906,55,false,22nfklp6e2bdvfz6yfb4e5zdy,2022-01-09T14:30:25Z,"tropical house","Kygo",0.735,0.747,10,-4.959,1,0.0837,0.0741,0,0.103,0.555,123.025,4
spotify:track:7ElF5zxOwYP4qVSWVvse3W,"Break Your Heart","The Rokstarr Hits Collection","Taio Cruz",2010-01-01,201546,72,false,22nfklp6e2bdvfz6yfb4e5zdy,2022-01-09T14:30:25Z,"","Universal-Island Records Ltd.",0.607,0.934,3,-4.217,1,0.0314,0.0328,0,0.0906,0.568,122.003,4
spotify:track:36z5k2Vxm1B1dDe2uM2Pce,"Alibi","The Best of David Gray (Deluxe Edition)","David Gray",2016-10-28,276550,0,false,22nfklp6e2bdvfz6yfb4e5zdy,2022-01-09T14:30:25Z,"","iht Records",0.337,0.385,4,-7.445,1,0.0251,0.789,0.0528,0.0746,0.135,77.78,4
spotify:track:2aXZp30TocFnABRPF1Isrl,"In My Place","In My Place","Coldplay",2002-08-05,228933,46,false,22nfklp6e2bdvfz6yfb4e5zdy,2022-01-09T14:30:25Z,"","Parlophone UK",0.433,0.561,9,-6.513,1,0.0268,0.0446,0.00000152,0.191,0.214,144.737,4
spotify:track:6jA8HL9i4QGzsj6fjoxp8Y,"There for You","There for You","Martin Garrix;Troye Sivan",2017-05-26,221904,67,false,22nfklp6e2bdvfz6yfb4e5zdy,2022-01-09T14:30:25Z,"edm,progressive house,electronica","Epic Amsterdam",0.611,0.644,6,-7.607,0,0.0553,0.124,0,0.124,0.13,105.969,4
spotify:track:2qyhy9ndo8tTGMzXeHTisR,"So High","So High","Doja Cat",2014-03-11,201573,77,true,22nfklp6e2bdvfz6yfb4e5zdy,2022-01-09T14:30:25Z,"","MAU Records",0.647,0.567,10,-5.777,0,0.0374,0.133,0.00000936,0.0638,0.659,131.933,4
spotify:track:4WLVepwyIveYwv7uJROc5p,"Me, Myself & I - Marc Stout & Scott Svejda Remix","Me, Myself & I (Marc Stout & Scott Svejda Remix)","G-Eazy;Bebe Rexha;Marc Stout;Scott Svejda",2016-03-18,275714,44,true,22nfklp6e2bdvfz6yfb4e5zdy,2022-01-09T14:30:25Z,"","BPG/RVG/RCA Records",0.492,0.742,1,-5.291,1,0.183,0.0417,0,0.0688,0.677,126.038,4
spotify:track:114Mz6fvKoKAha6MWW8xiG,"OK - Extended Version","OK (The Remixes)","Robin Schulz;James Blunt",2017-06-23,292426,29,false,22nfklp6e2bdvfz6yfb4e5zdy,2022-01-09T14:30:25Z,"tropical house","WM Germany",0.762,0.669,7,-7.123,0,0.0892,0.015,0.0000171,0.0998,0.406,121.991,4
spotify:track:0ntQJM78wzOLVeCUAW7Y45,"Sex on Fire","Only By The Night","Kings of Leon",2008-09-23,203346,88,false,22nfklp6e2bdvfz6yfb4e5zdy,2022-01-09T14:30:25Z,"","RCA/Legacy",0.542,0.905,9,-5.653,1,0.054,0.00172,0.0104,0.136,0.374,153.398,4
spotify:track:6mTnH6xSYwKohtsO9RFzcc,"We Are Mirage","Liberate (Remixes)","Eric Prydz;Empire Of The Sun",2014-01-01,379500,70,false,22nfklp6e2bdvfz6yfb4e5zdy,2022-01-09T14:30:25Z,"","Virgin Records Ltd",0.556,0.792,4,-6.723,0,0.0361,0.000521,0.75,0.494,0.0871,127.956,4
spotify:track:3jLfPfi88liLV6Exc6sLrN,"Lose My Number","The Afterlove","James Blunt",2017-03-24,208344,33,false,22nfklp6e2bdvfz6yfb4e5zdy,2022-01-09T14:30:25Z,"","Atlantic Records UK",0.682,0.659,7,-5.929,0,0.0484,0.185,0,0.264,0.479,109.941,4
spotify:track:39y0zj3hnqlGphL1gaH4ov,"BlackOut","We Are Your Friends (Music From The Original Motion Picture)","The Americanos;Lil Jon;Juicy J;Tyga",2015-08-21,214626,45,true,22nfklp6e2bdvfz6yfb4e5zdy,2022-01-09T14:30:25Z,"crunk","UMGRI Interscope",0.87,0.943,5,-4.87,0,0.173,0.0753,0,0.1,0.5,127.998,4
spotify:track:4Jxpl6VyiKxq8okAnvJjzE,"Always Hate Me","Moon Landing","James Blunt",2013-10-04,217000,51,false,22nfklp6e2bdvfz6yfb4e5zdy,2022-01-09T14:30:25Z,"","Custard/Atlantic",0.75,0.524,5,-6.999,1,0.0311,0.546,0.00000135,0.0935,0.392,125.022,4
spotify:track:1Dcqe5hyUfVH06dt9jhgQT,"Miss America","Moon Landing","James Blunt",2013-10-04,187506,37,false,22nfklp6e2bdvfz6yfb4e5zdy,2022-01-09T14:30:25Z,"","Custard/Atlantic",0.324,0.499,9,-8.493,1,0.041,0.782,0.000155,0.104,0.158,73.991,4
spotify:track:6s3GEN8wK0OMzzzZbXj0fu,"Hymn for the Weekend - Seeb Remix","Hymn for the Weekend (Seeb Remix)","Coldplay;Seeb",2016-03-25,212647,70,false,22nfklp6e2bdvfz6yfb4e5zdy,2022-01-09T14:30:25Z,"","Parlophone UK",0.565,0.849,0,-3.516,0,0.0517,0.00868,0.00000468,0.12,0.427,102.034,4
spotify:track:6XNbM0R3MMlZRjH7lHopB4,"Freaking Out","COLD NIGHTS // SUMMER DAYS","A R I Z O N A",2018-08-03,200312,39,false,22nfklp6e2bdvfz6yfb4e5zdy,2022-01-09T14:30:25Z,"","Atlantic Records",0.663,0.68,6,-6.607,1,0.0501,0.118,0.00603,0.102,0.384,125.055,4
spotify:track:2rsrfzppISDqUUTMzXUPWV,"I'll Wait For You (feat. Chaz Mason)","I'll Wait For You (feat. Chaz Mason)","All That Glitters;Chaz Mason",2018-06-22,202024,17,false,22nfklp6e2bdvfz6yfb4e5zdy,2022-01-09T14:30:25Z,"","Spinnin' Deep",0.537,0.818,8,-4.305,1,0.0601,0.0723,0.000186,0.0704,0.3,114.031,4
spotify:track:3Osd3Yf8K73aj4ySn6LrvK,"No Church In The Wild","Watch The Throne (Deluxe)","JAŸ-Z;Kanye West;Frank Ocean;THE-DREAM",2011-08-08,272506,7,true,22nfklp6e2bdvfz6yfb4e5zdy,2022-01-09T14:30:25Z,"hip hop,east coast hip hop,rap,r&b","Roc Nation/RocAFella/IDJ",0.654,0.75,8,-7.509,0,0.105,0.246,0.0178,0.167,0.557,92.78,4
spotify:track:3AJwUDP919kvQ9QcozQPxg,"Yellow","Parachutes","Coldplay",2000-07-10,266773,92,false,22nfklp6e2bdvfz6yfb4e5zdy,2022-01-09T14:30:25Z,"","Parlophone UK",0.429,0.661,11,-7.227,1,0.0281,0.00239,0.000121,0.234,0.285,173.372,4
spotify:track:5eeMkRwsUOjBMgzyTuBjcq,"Never Say Never","Through the Years: The Best of The Fray","The Fray",2016-11-04,257906,29,false,22nfklp6e2bdvfz6yfb4e5zdy,2022-01-09T14:30:25Z,"","Epic",0.252,0.499,8,-5.759,1,0.0316,0.558,0.0000561,0.216,0.316,160.308,4
spotify:track:1YZzc9Imj9F60oR8Usy1tk,"The Inconsistency Principle","Common Ground","Above & Beyond",2018-01-26,196893,28,false,22nfklp6e2bdvfz6yfb4e5zdy,2022-01-09T14:30:25Z,"trance,progressive trance,progressive house","Anjunabeats",0.111,0.391,0,-11.533,1,0.0345,0.00331,0.944,0.206,0.0399,81.196,4
spotify:track:5olBxXW4nmHm54xh1nolCM,"My Own Hymn","Common Ground","Above & Beyond;Zoë Johnston",2018-01-26,228640,41,false,22nfklp6e2bdvfz6yfb4e5zdy,2022-01-09T14:30:25Z,"trance,progressive trance,progressive house","Anjunabeats",0.63,0.538,9,-10.988,0,0.0333,0.103,0.0264,0.128,0.156,127.962,4
spotify:track:2kqr5YdzsE4Pa4V70JgnuY,"Sahara Love","Common Ground","Above & Beyond;Zoë Johnston",2018-01-26,307880,31,false,22nfklp6e2bdvfz6yfb4e5zdy,2022-01-09T14:30:25Z,"trance,progressive trance,progressive house","Anjunabeats",0.617,0.704,6,-10.449,0,0.0353,0.0486,0.0432,0.105,0.248,128.002,4
spotify:track:1QbftLk2fmvtjmQ6DTvbAB,"Rooh","Rooh","Tej Gill",2016-04-28,208577,8,false,22nfklp6e2bdvfz6yfb4e5zdy,2022-01-09T14:30:25Z,"punjabi pop","Moviebox Birmingham Limited",0.584,0.787,1,-4.247,0,0.0308,0.0986,0,0.0706,0.481,90.072,4
spotify:track:4RCLbtGKeeNjQWQUvSbdRz,"Golden Wings","Bag Raiders (Deluxe)","Bag Raiders",2011-01-01,284693,33,false,22nfklp6e2bdvfz6yfb4e5zdy,2022-01-09T14:30:25Z,"alternative dance","Modular",0.626,0.831,0,-5.74,1,0.0417,0.000464,0.9,0.132,0.218,103.992,4
spotify:track:1DWZUa5Mzf2BwzpHtgbHPY,"Good News","Circles","Mac Miller",2020-01-17,342040,71,false,22nfklp6e2bdvfz6yfb4e5zdy,2022-01-09T14:30:27Z,"","Warner Records",0.794,0.32,1,-12.92,0,0.173,0.853,0.134,0.112,0.241,174.088,4
spotify:track:4WEuEfFiczWxblHyuucSBL,"HiiiPower","Section.80","Kendrick Lamar",2011-07-02,279854,64,true,22nfklp6e2bdvfz6yfb4e5zdy,2022-01-09T14:30:27Z,"hip hop,west coast hip hop","Top Dawg Entertainment / Section.80",0.695,0.827,6,-5.742,0,0.282,0.179,0,0.283,0.538,81.024,4
spotify:track:6PGoSes0D9eUDeeAafB2As,"LOVE. FEAT. ZACARI.","DAMN.","Kendrick Lamar;Zacari",2017-04-14,213400,84,false,22nfklp6e2bdvfz6yfb4e5zdy,2022-01-09T14:30:27Z,"hip hop,west coast hip hop","Aftermath",0.8,0.585,10,-7.343,1,0.0924,0.264,0,0.153,0.779,126.058,4
spotify:track:06FCvd7rrRcF3DdvWH5Isp,"LUST.","DAMN.","Kendrick Lamar",2017-04-14,307880,64,true,22nfklp6e2bdvfz6yfb4e5zdy,2022-01-09T14:30:27Z,"hip hop,west coast hip hop","Aftermath",0.678,0.562,3,-9.197,0,0.508,0.193,0,0.104,0.566,94.241,4
spotify:track:5OtK4qowbxqNC2dueZR3ju,"Back (feat. Yo Gotti)","The Recession 2","Jeezy;Yo Gotti",2020-11-20,188559,46,true,22nfklp6e2bdvfz6yfb4e5zdy,2022-01-09T14:30:27Z,"southern hip hop,crunk,gangster rap,rap","Jeezy/Def Jam PS",0.806,0.718,2,-4.213,0,0.0898,0.131,0,0.398,0.586,98.526,4
spotify:track:5TpvLkESnw1g9wDz52efeO,"Upside Down","Upside Down","JVKE",2020-08-18,114500,0,false,22nfklp6e2bdvfz6yfb4e5zdy,2022-01-09T14:30:27Z,"","JVKE",0.88,0.501,2,-6.774,1,0.062,0.0494,0.0695,0.436,0.459,120.038,4
spotify:track:5Xu7nrKiVHslrdlNHRsSsP,"Reality","Reality","Lost Frequencies;Janieck",2015-05-18,159480,59,false,22nfklp6e2bdvfz6yfb4e5zdy,2022-01-09T14:30:27Z,"tropical house","The Bearded Man (Armada)",0.715,0.696,1,-7.887,0,0.0321,0.0197,0.00000205,0.0697,0.6,122.144,4
spotify:track:49acDBy9eCghAkXVdqRusk,"Rollin (feat. Future & Khalid)","Rollin (feat. Future & Khalid)","Calvin Harris;Future;Khalid",2017-05-12,272658,34,false,22nfklp6e2bdvfz6yfb4e5zdy,2022-01-09T14:30:27Z,"edm,rap","Columbia",0.752,0.756,6,-4.552,0,0.0902,0.457,0.0000781,0.306,0.683,91.972,4
spotify:track:5g1vtHqi9uV7xtYeCcFOBx,"Jesus Walks","The College Dropout","Kanye West",2004-02-10,193733,73,true,22nfklp6e2bdvfz6yfb4e5zdy,2022-01-09T14:30:27Z,"rap","Roc-A-Fella",0.637,0.834,3,-4.686,0,0.323,0.614,0,0.317,0.715,87.312,4
spotify:track:0UPBidRYcgJ2mjZlk08V8x,"F.N","F.N","Lil Tjay",2019-08-09,224000,50,true,22nfklp6e2bdvfz6yfb4e5zdy,2022-01-09T14:30:27Z,"brooklyn drill,melodic rap","Columbia",0.562,0.502,6,-10.269,0,0.255,0.323,0,0.0757,0.322,120.104,1
spotify:track:7jIAttgQTpLDoNtykIQXjH,"Blister In The Sun","Violent Femmes","Violent Femmes",1983-01-01,145706,73,false,22nfklp6e2bdvfz6yfb4e5zdy,2022-01-09T14:30:27Z,"folk punk","Craft Recordings",0.726,0.537,0,-8.896,1,0.114,0.316,0,0.0707,0.882,96.889,4
spotify:track:3YuaBvuZqcwN3CEAyyoaei,"Like a Stone","Audioslave","Audioslave",2002-11-17,293960,83,false,22nfklp6e2bdvfz6yfb4e5zdy,2022-01-09T14:30:27Z,"grunge,post-grunge,alternative metal","Epic/Interscope",0.614,0.568,7,-5.477,0,0.0276,0.00797,0,0.0997,0.516,107.849,4
spotify:track:5rLyYxZNzca00ENADO9m54,"When I Grow Up","The Search","NF",2019-07-26,196800,73,false,22nfklp6e2bdvfz6yfb4e5zdy,2022-01-09T14:30:27Z,"christian hip hop","NF Real Music",0.817,0.814,2,-3.985,1,0.185,0.32,0,0.152,0.247,109.994,4
spotify:track:4RCWB3V8V0dignt99LZ8vH,"Hey There Delilah","All That We Needed","Plain White T's",2005-01-25,232533,86,false,22nfklp6e2bdvfz6yfb4e5zdy,2022-01-09T14:30:27Z,"","Fearless Records",0.658,0.291,2,-10.572,1,0.0292,0.872,0,0.114,0.295,103.962,4
spotify:track:1Y0iQblBDaw2qMutZqGoUH,"My Love","Ray Guns Are Not Just The Future","the bird and the bee",2008-01-01,225706,37,false,22nfklp6e2bdvfz6yfb4e5zdy,2022-01-09T14:30:27Z,"","Blue Note Records",0.69,0.523,0,-8.203,1,0.08,0.157,0.00149,0.131,0.625,142.034,4
spotify:track:0hOwQ5dUV1kZEii7syt2aV,"Funk","Funk","Pav Dharia;Fateh;J-Statik",2018-11-25,198484,0,false,22nfklp6e2bdvfz6yfb4e5zdy,2022-01-09T14:30:27Z,"punjabi pop,bhangra,desi,punjabi hip hop,desi hip hop,bollywood","Pav Dharia Productions",0.816,0.794,11,-5.223,0,0.243,0.134,0,0.271,0.32,97.964,4
spotify:track:3X37NtwadSS0RM20dh2IgP,"Worst Behavior","Nothing Was The Same (Deluxe)","Drake",2013-01-01,270200,62,true,22nfklp6e2bdvfz6yfb4e5zdy,2022-01-09T14:30:27Z,"rap","Cash Money Records/Young Money Ent./Universal Rec.",0.777,0.778,9,-6.349,1,0.136,0.156,0.00000108,0.196,0.437,109.925,4
spotify:track:6HpLye7eG3QBCHM8QAMOjx,"Things You've Never Done","Wicked Man's Rest","Passenger",2007-01-01,273440,32,false,22nfklp6e2bdvfz6yfb4e5zdy,2022-01-09T14:30:27Z,"folk pop","Black Crow Records",0.572,0.505,0,-9.254,0,0.0362,0.177,0.000548,0.0916,0.35,97.958,4
spotify:track:4jPy3l0RUwlUI9T5XHBW2m,"Mood (feat. iann dior)","El Dorado","24kGoldn;iann dior",2021-03-26,140525,81,true,22nfklp6e2bdvfz6yfb4e5zdy,2022-01-09T14:30:27Z,"melodic rap","Records/Columbia",0.701,0.716,7,-3.671,0,0.0361,0.174,0,0.324,0.732,91.007,4
spotify:track:3ZOEytgrvLwQaqXreDs2Jx,"Can't Stop","By the Way (Deluxe Edition)","Red Hot Chili Peppers",2002-07-09,269000,90,false,22nfklp6e2bdvfz6yfb4e5zdy,2022-01-09T14:30:27Z,"funk rock,alternative rock,rock","Warner Records",0.618,0.938,9,-3.442,1,0.0456,0.0179,0,0.167,0.875,91.455,4
spotify:track:7fBv7CLKzipRk6EC6TWHOB,"The Hills","Beauty Behind The Madness","The Weeknd",2015-08-28,242253,88,true,22nfklp6e2bdvfz6yfb4e5zdy,2022-01-09T14:30:27Z,"","The Weeknd/Lyric",0.585,0.564,0,-7.063,0,0.0515,0.0671,0,0.135,0.137,113.003,4
spotify:track:22VdIZQfgXJea34mQxlt81,"Can't Feel My Face","Beauty Behind The Madness","The Weeknd",2015-08-28,213520,85,false,22nfklp6e2bdvfz6yfb4e5zdy,2022-01-09T14:30:27Z,"","The Weeknd/Lyric",0.705,0.769,9,-5.526,0,0.0425,0.113,0,0.105,0.583,107.949,4
spotify:track:4wckW1OjAM2z6elKQdqUpi,"One Of Them (feat. Big Sean)","When It's Dark Out","G-Eazy;Big Sean",2015-12-04,199521,45,true,22nfklp6e2bdvfz6yfb4e5zdy,2022-01-09T14:30:27Z,"","BPG/RVG/RCA Records",0.597,0.724,2,-7.764,1,0.0487,0.00268,0,0.111,0.325,110.016,4
spotify:track:67WTwafOMgegV6ABnBQxcE,"Some Nights","Some Nights","fun.",2012-02-14,277040,74,true,22nfklp6e2bdvfz6yfb4e5zdy,2022-01-09T14:30:27Z,"","Fueled By Ramen",0.672,0.738,0,-7.045,1,0.0506,0.0178,0.0000675,0.0927,0.392,107.938,4
spotify:track:0ihguwGVwKihJ1Nj8fGQlY,"Blinded By Your Grace, Pt. 2 (feat. MNEK)","Gang Signs & Prayer","Stormzy;MNEK",2017-02-24,230654,1,false,22nfklp6e2bdvfz6yfb4e5zdy,2022-01-09T14:30:27Z,"grime,uk grime,uk drill","#Merky",0.35,0.613,2,-5.453,1,0.0592,0.0743,0,0.069,0.224,120.038,4
spotify:track:4pGv2AFdSV6N2VwAaVciW0,"Pass Out","Pass Out","Tinie Tempah",2010-02-26,268000,40,true,22nfklp6e2bdvfz6yfb4e5zdy,2022-01-09T14:30:27Z,"grime","Parlophone UK",0.747,0.892,1,-3.272,1,0.21,0.0313,0,0.135,0.524,91.007,4
spotify:track:6OlDE7BST5pqCv5RzotHji,"Dil Mera","Dil Mera","Talwiinder",2019-12-22,150000,0,true,22nfklp6e2bdvfz6yfb4e5zdy,2022-01-09T14:30:27Z,"punjabi hip hop,punjabi pop,indian indie,desi,desi hip hop,hindi indie","Talwiinder",0.699,0.593,7,-10.307,0,0.0665,0.525,0,0.129,0.166,103.87,4
spotify:track:1HFfMOxCAT4GAwaPfCdmUs,"Waves - Robin Schulz Radio Edit","Waves (Robin Schulz Radio Edit)","Mr. Probz;Robin Schulz",2014-02-07,208133,83,false,22nfklp6e2bdvfz6yfb4e5zdy,2022-01-09T14:30:27Z,"tropical house","Left Lane Recordings",0.829,0.51,5,-9.334,0,0.0369,0.00821,0.00143,0.0829,0.45,119.994,4
spotify:track:4PmMVdIFpJTB9WQbmILf4p,"How We Do","The Documentary","The Game;50 Cent",2005,235533,78,true,22nfklp6e2bdvfz6yfb4e5zdy,2022-01-09T14:30:27Z,"west coast hip hop,old school hip hop,gangster rap,hip hop,east coast hip hop","Geffen",0.862,0.648,4,-7.401,0,0.251,0.0455,0,0.0332,0.637,98.012,4
spotify:track:0aWMostcnfyjuCEcO7sTz5,"GHOST","GHOST","Jaden;Christian Rich",2018-06-22,129733,47,true,22nfklp6e2bdvfz6yfb4e5zdy,2022-01-09T14:30:27Z,"","MSFTSMusic / Roc Nation Records, LLC",0.782,0.531,1,-6.636,1,0.168,0.145,0.0501,0.238,0.247,148.046,4
spotify:track:5LME7YULt0enp6UAB8VoDn,"Under Pressure","Under Pressure (Deluxe)","Logic",2014-10-21,559533,57,true,22nfklp6e2bdvfz6yfb4e5zdy,2022-01-09T14:30:27Z,"","Def Jam Recordings",0.701,0.855,11,-5.465,1,0.219,0.238,0,0.106,0.557,83.982,4
spotify:track:5PzxyPoe9rWjoosYzspDzS,"Can't Pretend","Long Way Down","Tom Odell",2013-07-15,217853,17,false,22nfklp6e2bdvfz6yfb4e5zdy,2022-01-09T14:30:27Z,"","ITNO/Columbia",0.379,0.47,1,-8.539,0,0.0329,0.286,0.000675,0.123,0.301,158.75,4
spotify:track:0DB671ECyV6iZ4WBbrlZl2,"Oh Lord (feat. Tamika Mallory)","The Recession 2","Jeezy;Tamika Mallory",2020-11-20,183722,24,true,22nfklp6e2bdvfz6yfb4e5zdy,2022-01-09T14:30:27Z,"southern hip hop,crunk,gangster rap,rap","Jeezy/Def Jam PS",0.67,0.634,10,-5.178,0,0.209,0.383,0,0.867,0.55,95.959,4
spotify:track:6WkJ2OK163XXS2oARUC9JM,"Dancin (feat. Luvli) - Krono Remix","Dancin (feat. Luvli) [Krono Remix]","Aaron Smith;Krono;Luvli",2014-11-07,198053,54,false,22nfklp6e2bdvfz6yfb4e5zdy,2022-01-09T14:30:27Z,"","Sony Music Entertainment",0.72,0.741,10,-6.529,0,0.0287,0.101,0.0000141,0.289,0.357,119.896,4
spotify:track:0IaauN3waFAr5oMBsG4FJi,"Black Water","Funeral Sky (Deluxe)","Reuben And The Dark",2015-06-23,153920,7,false,22nfklp6e2bdvfz6yfb4e5zdy,2022-01-09T14:30:27Z,"","Arts & Crafts",0.326,0.459,6,-9.242,1,0.0385,0.85,0.243,0.359,0.23,125.728,4
spotify:track:44uOreAESeRIBaxkuCW4wN,"Sleep On The Floor","Cleopatra","The Lumineers",2016-04-08,211851,2,false,22nfklp6e2bdvfz6yfb4e5zdy,2022-01-09T14:30:27Z,"folk pop,indie folk","Decca (UMO)",0.389,0.431,7,-8.061,1,0.0344,0.249,0,0.13,0.275,142.133,4
spotify:track:6XNANAB7sFvkfho6bMCp7o,"Summertime In Paris","ERYS (Deluxe)","Jaden;WILLOW",2019-07-05,270960,62,true,22nfklp6e2bdvfz6yfb4e5zdy,2022-01-09T14:30:27Z,"","MSFTSMusic / Roc Nation Records",0.569,0.86,9,-4.116,1,0.043,0.135,0,0.153,0.289,90.937,4
spotify:track:5D1zGVDJTOqwaGSzYw5TtP,"Red Light Green Light - For Club Play Only, Pt. 6","Red Light Green Light (For Club Play Only, Pt. 6)","Duke Dumont;Shaun Ross",2019-02-22,211208,61,false,22nfklp6e2bdvfz6yfb4e5zdy,2022-01-09T14:30:27Z,"house","EMI",0.811,0.825,2,-5.48,1,0.0654,0.000646,0.517,0.0689,0.95,124.005,4
spotify:track:5CQ30WqJwcep0pYcV4AMNc,"Stairway to Heaven - Remaster","Led Zeppelin IV (Deluxe Edition)","Led Zeppelin",1971-11-08,482830,84,false,22nfklp6e2bdvfz6yfb4e5zdy,2022-01-09T14:30:27Z,"classic rock,rock,hard rock,rock and roll","Atlantic Records",0.338,0.34,9,-12.049,0,0.0339,0.58,0.0032,0.116,0.197,82.433,4
spotify:track:2lD6AoA8qf2t4Dkf2TcmNK,"Rigamortus","Section.80","Kendrick Lamar",2011-07-02,168591,63,true,22nfklp6e2bdvfz6yfb4e5zdy,2022-01-09T14:30:27Z,"hip hop,west coast hip hop","Top Dawg Entertainment / Section.80",0.52,0.807,2,-6.281,1,0.409,0.24,0.00257,0.199,0.628,178.012,4
spotify:track:0N3W5peJUQtI4eyR6GJT5O,"King Kunta","To Pimp A Butterfly","Kendrick Lamar",2015-03-16,234693,74,true,22nfklp6e2bdvfz6yfb4e5zdy,2022-01-09T14:30:27Z,"hip hop,west coast hip hop","Aftermath",0.884,0.657,6,-4.569,0,0.0977,0.00589,0,0.154,0.489,107.059,4
spotify:track:23wfXwnsPZYe5A1xXRHb3J,"The Way I Am","The Marshall Mathers LP","Eminem",2000-05-23,290426,76,true,22nfklp6e2bdvfz6yfb4e5zdy,2022-01-09T14:30:27Z,"rap,hip hop","Eminem Catalog PS",0.785,0.871,4,-2.692,0,0.265,0.144,0,0.309,0.315,87.248,4
spotify:track:4CeeEOM32jQcH3eN9Q2dGj,"Smells Like Teen Spirit","Nevermind (Remastered)","Nirvana",1991-09-26,301920,88,false,22nfklp6e2bdvfz6yfb4e5zdy,2022-01-09T14:30:27Z,"grunge,rock","Geffen",0.502,0.912,1,-4.556,1,0.0564,0.0000255,0.000173,0.106,0.72,116.761,4
spotify:track:15VRO9CQwMpbqUYA7e6Hwg,"The Man Who Sold The World - Live","MTV Unplugged In New York","Nirvana",1994-11-01,261093,80,false,22nfklp6e2bdvfz6yfb4e5zdy,2022-01-09T14:30:27Z,"grunge,rock","DGC",0.483,0.753,1,-8.937,0,0.0832,0.425,0.000142,0.257,0.42,115.102,4
spotify:track:3zwmW1gM4E8FlHXV5nE16u,"Be Yourself","Out of Exile","Audioslave",2005-01-01,278973,76,false,22nfklp6e2bdvfz6yfb4e5zdy,2022-01-09T14:30:27Z,"grunge,post-grunge,alternative metal","Geffen",0.423,0.845,11,-3.509,0,0.0559,0.143,0.00000507,0.213,0.317,116.602,4
spotify:track:104buTcnP2AsxqB7U1FIZ4,"Heavy (feat. Kiiara)","One More Light","Linkin Park;Kiiara",2017-05-19,169800,71,true,22nfklp6e2bdvfz6yfb4e5zdy,2022-01-09T14:30:27Z,"nu metal,rap metal,rock,alternative metal","Warner Records",0.59,0.671,9,-6.098,1,0.0706,0.0484,0,0.0604,0.438,149.982,4
spotify:track:7nAfXgeHfDO50upcOjJOaq,"Talking to Myself","One More Light","Linkin Park",2017-05-19,231306,62,false,22nfklp6e2bdvfz6yfb4e5zdy,2022-01-09T14:30:27Z,"nu metal,rap metal,rock,alternative metal","Warner Records",0.593,0.712,2,-6.325,0,0.0286,0.00184,0,0.128,0.473,124.013,4
spotify:track:1PuEr8bp2HXKVlyZfTXHj0,"Rain Dance","Rain Dance","Tough Love",2018-07-27,174720,21,false,22nfklp6e2bdvfz6yfb4e5zdy,2022-01-09T14:30:27Z,"house","One More Tune",0.7,0.96,7,-4.885,1,0.0974,0.167,0.00601,0.305,0.439,124.899,4
spotify:track:4NMNcJzN75mBOeZqnCQny0,"THAT'S THAT","BORN LIKE THIS (Redux)","MF DOOM",2019-03-27,135066,0,true,22nfklp6e2bdvfz6yfb4e5zdy,2022-01-09T14:30:27Z,"experimental hip hop,east coast hip hop,jazz rap,alternative hip hop","Lex Records",0.499,0.728,8,-4.922,0,0.385,0.235,0,0.686,0.853,96.089,4
spotify:track:6xdLJrVj4vIXwhuG8TMopk,"Crazy Little Thing Called Love - Remastered 2011","The Game (2011 Remaster)","Queen",1980-06-27,163373,79,false,22nfklp6e2bdvfz6yfb4e5zdy,2022-01-09T14:30:27Z,"classic rock,rock,glam rock","EMI",0.599,0.761,0,-6.887,1,0.0421,0.713,0.00000474,0.349,0.712,77.015,4
spotify:track:0OpcI3rARLsNWgVbPdwHD9,"You Know You Like It - Tchami Remix","We Are Your Friends (Music From The Original Motion Picture)","AlunaGeorge;Tchami",2015-08-21,304333,57,false,22nfklp6e2bdvfz6yfb4e5zdy,2022-01-09T14:30:27Z,"future house,bass house,g-house,house","UMGRI Interscope",0.815,0.84,5,-4.331,0,0.107,0.183,0.0843,0.0866,0.587,122.988,4
spotify:track:31I3Rt1bPa2LrE74DdNizO,"Flashing Lights","Graduation","Kanye West;Dwele",2007-09-11,237506,5,true,22nfklp6e2bdvfz6yfb4e5zdy,2022-01-09T14:30:27Z,"rap,neo soul","Roc-A-Fella",0.639,0.628,6,-7.578,0,0.0399,0.0381,0,0.386,0.43,90.482,4
spotify:track:2PpruBYCo4H7WOBJ7Q2EwM,"Hey Ya!","Speakerboxxx/The Love Below","Outkast",2003,235213,87,true,22nfklp6e2bdvfz6yfb4e5zdy,2022-01-09T14:30:27Z,"southern hip hop,hip hop","Arista",0.727,0.974,4,-2.261,0,0.0664,0.103,0.000532,0.174,0.965,79.526,4
spotify:track:18ywhG9EvuMMUIdUWxEqp7,"Go Solo","The Pleasant Trees","Tom Rosenthal",2014-09-01,142280,2,false,22nfklp6e2bdvfz6yfb4e5zdy,2022-01-09T14:30:27Z,"","Audio Network",0.586,0.0907,1,-12.907,1,0.0384,0.985,0.0281,0.126,0.212,77.144,4
spotify:track:3BQHpFgAp4l80e1XslIjNI,"Yesterday - Remastered 2009","Help! (Remastered)","The Beatles",1965-08-06,125666,78,false,22nfklp6e2bdvfz6yfb4e5zdy,2022-01-09T14:30:27Z,"classic rock,psychedelic rock","EMI Catalogue",0.332,0.179,5,-11.83,1,0.0326,0.879,0,0.0886,0.315,96.524,4
spotify:track:5GjPQ0eI7AgmOnADn1EO6Q,"Eleanor Rigby - Remastered 2009","Revolver (Remastered)","The Beatles",1966-08-05,126533,73,false,22nfklp6e2bdvfz6yfb4e5zdy,2022-01-09T14:30:27Z,"classic rock,psychedelic rock","EMI Catalogue",0.581,0.28,4,-9.091,0,0.0381,0.936,0.0000156,0.305,0.813,137.831,4
spotify:track:4jtyUzZm9WLc2AdaJ1dso7,"0 To 100 / The Catch Up","0 To 100 / The Catch Up","Drake",2013-07-14,275226,73,true,22nfklp6e2bdvfz6yfb4e5zdy,2022-01-09T14:30:27Z,"rap","Cash Money Records/Young Money Ent./Universal Rec.",0.559,0.716,11,-3.964,0,0.39,0.737,0,0.252,0.504,176.618,4
spotify:track:15PdA8p8usmrc4lWbZmm7H,"Allein","Eric Prydz Presents Pryda","Pryda",2012-01-01,335946,52,false,22nfklp6e2bdvfz6yfb4e5zdy,2022-01-09T14:30:27Z,"progressive house","Virgin",0.556,0.813,7,-5.456,0,0.0939,0.00686,0.825,0.194,0.325,125.98,4
spotify:track:35srNkJVToAzYiZzron1FY,"Young Forever","The Blueprint 3","JAŸ-Z;Mr Hudson",2009-09-08,253906,69,true,22nfklp6e2bdvfz6yfb4e5zdy,2022-01-09T14:30:27Z,"hip hop,east coast hip hop,rap","Roc Nation / Jay-Z",0.637,0.69,9,-3.214,0,0.0693,0.417,0,0.211,0.103,140.329,4
spotify:track:5cSKL10p5sM7Q9kCtlSZsi,"Bullit","Bullit","Watermät",2014-06-18,427340,43,false,22nfklp6e2bdvfz6yfb4e5zdy,2022-01-09T14:30:27Z,"","Spinnin' Deep",0.764,0.458,0,-6.034,1,0.101,0.0684,0.639,0.108,0.269,121.971,4
spotify:track:5JLLF7lNpWGQeCtndNLLKn,"Roam in a Day","Adam's Calendar EP","Frigid Armadillo",2020-06-12,517284,35,false,22nfklp6e2bdvfz6yfb4e5zdy,2022-01-09T14:30:27Z,"afro tech,afro house,3 step,tribal house","Aluku Records",0.8,0.6,8,-11.617,1,0.0561,0.0465,0.876,0.0961,0.514,120.996,4
spotify:track:0L6FTymykfZ32iUglV83Wy,"Shooting Stars - Siriusmo Remix","Bag Raiders (Deluxe)","Bag Raiders",2011-01-01,337386,16,false,22nfklp6e2bdvfz6yfb4e5zdy,2022-01-09T14:30:27Z,"alternative dance","Modular",0.611,0.823,8,-5.141,0,0.0556,0.0168,0.0113,0.037,0.529,124.867,4
spotify:track:3e7ChqIBOX2id2G0DbnLKq,"Gallan 4","Gallan 4","Talwiinder",2020-06-13,192496,0,false,22nfklp6e2bdvfz6yfb4e5zdy,2022-01-09T14:30:27Z,"punjabi hip hop,punjabi pop,indian indie,desi,desi hip hop,hindi indie","Talwiinder",0.694,0.44,6,-8.967,0,0.123,0.595,0,0.161,0.524,105.045,4
spotify:track:63fa8l1URH9HmHADlsyd0D,"Gaah","Gaah","Talwiinder;Rippy Grewal",2020-05-01,178313,0,true,22nfklp6e2bdvfz6yfb4e5zdy,2022-01-09T14:30:27Z,"punjabi hip hop,punjabi pop,indian indie,desi,desi hip hop,hindi indie","Talwiinder",0.563,0.688,1,-4.431,0,0.226,0.032,0,0.0771,0.429,140.055,4
spotify:track:70VgvyAK1q0e8w4b034tBs,"Dil Te Dimag","Dil Te Dimag","Talwiinder;Rippy Grewal",2020-04-23,252656,0,false,22nfklp6e2bdvfz6yfb4e5zdy,2022-01-09T14:30:27Z,"punjabi hip hop,punjabi pop,indian indie,desi,desi hip hop,hindi indie","Talwiinder",0.511,0.47,8,-8.699,0,0.427,0.73,0,0.436,0.673,83.709,4
spotify:track:4NTWZqvfQTlOMitlVn6tew,"The Show Goes On","Lasers","Lupe Fiasco",2011-03-04,239613,76,true,22nfklp6e2bdvfz6yfb4e5zdy,2022-01-09T14:30:27Z,"","1st & 15th/Atlantic",0.591,0.889,7,-3.839,1,0.115,0.0189,0,0.155,0.65,143.067,4
spotify:track:3ZuiIFm9nRnkRz8AZAekjJ,"Rocketeer","Free Wired","Far East Movement;Ryan Tedder;Ruff Loaderz",2010-01-01,211253,72,false,22nfklp6e2bdvfz6yfb4e5zdy,2022-01-09T14:30:27Z,"","Interscope",0.664,0.845,4,-6.115,0,0.0462,0.181,0,0.267,0.357,96.005,4
spotify:track:2TRAOLPQMvFM7kq8MHyizc,"Switch - DEVAULT Remix","Switch (DEVAULT Remix)","6LACK;Devault",2018-11-16,229481,42,true,22nfklp6e2bdvfz6yfb4e5zdy,2022-01-09T14:30:27Z,"stutter house","LVRN Records",0.347,0.836,9,-6.144,0,0.363,0.0253,0.000057,0.305,0.137,86.397,4
spotify:track:6jX2IS921WX2sK97ItY5Yx,"The Drive","Look After Your Pennies - EP","Everyone You Know",2019-08-16,229216,14,true,22nfklp6e2bdvfz6yfb4e5zdy,2022-01-09T14:30:27Z,"","RCA Records Label",0.644,0.789,9,-5.612,0,0.198,0.0804,0,0.122,0.267,87.986,4
spotify:track:5MsyQPzyi95CVcHie7DyQx,"Ransom","Hip Hop Stars","Lil Tecca",2022-01-05,131280,0,true,22nfklp6e2bdvfz6yfb4e5zdy,2022-01-09T14:30:27Z,"melodic rap,rap","UME - Global Clearing House",0.745,0.642,7,-6.257,0,0.287,0.0199,0,0.0658,0.226,179.974,4
spotify:track:7xeE24WnWUXDwgqGiaeshi,"We Rollin","We Rollin","Shubh",2021-09-17,199205,0,true,22nfklp6e2bdvfz6yfb4e5zdy,2022-01-09T14:30:27Z,"punjabi hip hop,punjabi pop,desi hip hop,hindi hip hop,desi","Shubh",0.82,0.504,4,-9.113,0,0.141,0.261,0.000007,0.104,0.275,85.016,4
spotify:track:7Fw5i56my24ZBnGS7hFX2n,"Pompeii","Pompeii","Bastille",2013-01-01,214147,53,false,22nfklp6e2bdvfz6yfb4e5zdy,2022-01-09T14:30:27Z,"","Virgin Records",0.681,0.71,9,-6.488,1,0.0411,0.0749,0,0.266,0.591,127.442,4
spotify:track:7tK1ic1IQUbwCY1JBpNdyC,"Carny - Original Mix","Dirty Dutch Blackout (Deluxe Edition)","Pleasurekraft",2011-12-02,376320,0,false,22nfklp6e2bdvfz6yfb4e5zdy,2022-01-09T14:30:27Z,"techno,minimal techno,tech house","Dirty Dutch Compilations",0.951,0.359,2,-7.989,1,0.133,0.003,0.633,0.141,0.501,125.018,4
spotify:track:5WgW9bG91h4zRUnBr97d6c,"Muyè","You Are Safe","Rampa;Adam Port;&ME",2017-11-24,469995,55,false,22nfklp6e2bdvfz6yfb4e5zdy,2022-01-09T14:30:27Z,"afro house,afro tech,house,melodic house","Keinemusik",0.775,0.474,7,-15.341,1,0.0636,0.00963,0.943,0.108,0.0376,120.01,4
spotify:track:6ho0GyrWZN3mhi9zVRW7xi,"Losing It","Losing It","FISHER",2018-07-13,248035,75,false,22nfklp6e2bdvfz6yfb4e5zdy,2022-01-09T14:30:27Z,"tech house,house","Fisher - Follow the FISH, LLC",0.76,0.964,2,-5.844,1,0.0577,0.00181,0.703,0.0975,0.643,125.003,4
spotify:track:27NovPIUIRrOZoCHxABJwK,"INDUSTRY BABY (feat. Jack Harlow)","INDUSTRY BABY (feat. Jack Harlow)","Lil Nas X;Jack Harlow",2021-07-23,212000,76,true,22nfklp6e2bdvfz6yfb4e5zdy,2022-01-09T14:30:27Z,"","Columbia",0.736,0.704,3,-7.409,0,0.0615,0.0203,0,0.0501,0.894,149.995,4
spotify:track:3ShV5E92NCpxh2B4MXycxU,"Elevated","Elevated","Shubh",2021-10-22,200658,0,true,22nfklp6e2bdvfz6yfb4e5zdy,2022-01-09T14:30:27Z,"punjabi hip hop,punjabi pop,desi hip hop,hindi hip hop,desi","Shubh",0.828,0.533,6,-5.779,0,0.091,0.214,0.000028,0.307,0.605,93.021,4
spotify:track:4F7A0DXBrmUAkp32uenhZt,"Party Monster","Starboy","The Weeknd",2016-11-25,249213,79,true,22nfklp6e2bdvfz6yfb4e5zdy,2022-01-10T09:57:38Z,"","The Weeknd/Lyric",0.573,0.63,1,-8.389,1,0.105,0.189,0.0000231,0.259,0.218,77.525,4
spotify:track:0IVVCvZYhPEWzAvp6ZMhUh,"Drop the Pressure","Destroy Rock & Roll (2005 Remaster)","Mylo",2004-05-24,255600,1,true,22nfklp6e2bdvfz6yfb4e5zdy,2022-01-10T10:00:18Z,"disco house","EPP",0.817,0.604,9,-6.96,1,0.0758,0.0272,0.811,0.205,0.478,128.996,4
spotify:track:4rlvA61wV9htmVXEftARoU,"Bullit - Radio Edit","Bullit (Radio Edit)","Watermät",2014-05-31,194877,44,false,22nfklp6e2bdvfz6yfb4e5zdy,2022-01-10T10:00:50Z,"","Spinnin' Deep",0.563,0.809,0,-3.97,1,0.0874,0.291,0.175,0.0901,0.366,121.965,4
spotify:track:1DFD5Fotzgn6yYXkYsKiGs,"Piece Of Your Heart","Piece Of Your Heart","MEDUZA;Goodboys",2019-02-01,152913,70,false,22nfklp6e2bdvfz6yfb4e5zdy,2022-01-10T10:01:57Z,"","Intercord",0.677,0.744,10,-6.806,0,0.0295,0.0404,0.00016,0.074,0.631,124.08,4
spotify:track:5uEYRdEIh9Bo4fpjDd4Na9,"Goosebumps - Remix","Goosebumps (Remix)","Travis Scott;HVME",2021-01-15,162802,76,true,22nfklp6e2bdvfz6yfb4e5zdy,2022-01-10T10:03:29Z,"rap,slap house","Cactus Jack/Epic",0.841,0.593,1,-7.846,1,0.0379,0.418,0,0.124,0.808,124.917,4
spotify:track:6f3Slt0GbA2bPZlz0aIFXN,"The Business","The Business","Tiësto",2020-09-16,164000,76,false,22nfklp6e2bdvfz6yfb4e5zdy,2022-01-10T10:04:11Z,"edm,trance,big room","Atlantic Records",0.798,0.62,8,-7.079,0,0.232,0.414,0.0192,0.112,0.235,120.031,4
spotify:track:4XOc8gjhKl7FvdD4CHBYIy,"She Don't Dance","She Don't Dance","Everyone You Know",2019-07-19,226610,54,false,22nfklp6e2bdvfz6yfb4e5zdy,2022-01-10T10:22:39Z,"","RCA Records Label",0.716,0.875,11,-4.664,0,0.0594,0.0213,0.00000257,0.535,0.099,109.991,4
spotify:track:34ZAEDXyI4hBfBYYnGXA73,"Kids on Whizz","Kids on Whizz","Alok;Everyone You Know",2021-01-29,171724,41,false,22nfklp6e2bdvfz6yfb4e5zdy,2022-01-10T10:23:31Z,"brazilian bass,electronic,slap house,electro house","RCA Records Label",0.713,0.794,7,-5.693,1,0.177,0.038,0.0000102,0.117,0.304,116.033,4
spotify:track:082pDaHmr8b6AOUIb0q0dB,"Back To What You Knew","Everything's Strange Here","G-Eazy",2020-07-08,205513,35,true,22nfklp6e2bdvfz6yfb4e5zdy,2022-01-21T09:49:10Z,"","BPG/RVG/RCA Records",0.569,0.7,6,-4.505,0,0.0713,0.459,0,0.106,0.265,67.497,4
spotify:track:5CYJB5Md92kvcrZ4lJDALY,"The Spark","Forget The World (Deluxe)","AFROJACK;Spree Wilson",2014-01-01,240893,59,false,22nfklp6e2bdvfz6yfb4e5zdy,2022-01-26T20:00:51Z,"edm,big room","Wall Recordings",0.651,0.898,11,-4.942,1,0.0391,0.152,0,0.11,0.599,126.051,4
spotify:track:0OOT6JmtkcYidsuQ9Fh54i,"Weightless - jamesjamesjames Remix","Weightless (jamesjamesjames Remix)","Ben Böhmer;Panama;jamesjamesjames",2021-04-09,249779,1,false,22nfklp6e2bdvfz6yfb4e5zdy,2022-01-28T16:27:59Z,"melodic house,melodic techno,progressive house,deep house,lo-fi house","Future Classic",0.688,0.814,6,-7.252,0,0.0419,0.43,0.581,0.399,0.0961,127.99,4
spotify:track:4at3d5QWnlibMVN75ECDrp,"Pretty Little Fears (feat. J. Cole)","East Atlanta Love Letter","6LACK;J. Cole",2018-09-14,240341,71,true,22nfklp6e2bdvfz6yfb4e5zdy,2022-02-13T03:00:31Z,"rap","LVRN Records",0.61,0.458,9,-11.336,1,0.36,0.696,0.000103,0.0852,0.246,192.099,4
spotify:track:5d1IthC1D1CaajaQ0Vh8s3,"Rani","Hindustani Rascal","MALFNKTION",2015-09-28,271952,45,false,22nfklp6e2bdvfz6yfb4e5zdy,2022-02-17T09:04:18Z,"indian indie,hindi indie","MALNUTRITION",0.73,0.533,6,-10.614,0,0.0428,0.616,0.846,0.213,0.556,106.021,4
spotify:track:5EEhXlG2oUjNEycxDEsdk0,"Redemption","Butterflies","Boris Brejcha",2019-08-30,533760,0,false,22nfklp6e2bdvfz6yfb4e5zdy,2022-02-17T09:58:57Z,"minimal techno,techno,melodic techno,tech house","Ultra Records",0.809,0.691,7,-9.68,1,0.0648,0.0133,0.908,0.113,0.383,125.008,4
spotify:track:4IQqOlTZpfjnSTOArpZX5j,"BIBA","OFIVE1","Farasat Anees;Slick Trick;Toshi",2020-09-03,216216,0,false,22nfklp6e2bdvfz6yfb4e5zdy,2022-02-17T18:48:38Z,"qawwali,desi hip hop,sufi,indian indie,desi,desi pop,hindi indie","Farasat Anees Music",0.758,0.573,6,-6.221,0,0.0428,0.0888,0.000677,0.0834,0.284,110.983,4
spotify:track:0yuJtvXsapVOQfNDYxQ5mw,"Singularity","Powers of Ten","Stephan Bodzin",2015-06-12,421306,51,false,22nfklp6e2bdvfz6yfb4e5zdy,2022-02-18T07:58:59Z,"melodic techno,minimal techno,techno,melodic house","Herzblut Recordings",0.752,0.486,10,-12.53,0,0.0493,0.0479,0.877,0.0926,0.0379,121,4
spotify:track:0c3uCMUogjcZketGoFT00v,"O Mera Dil - Auztin Pauers & Ezrael Remix","African Paradigm EP II","Mr Raoul K;Auztin Pauers;Ezrael",2020-02-07,352773,0,false,22nfklp6e2bdvfz6yfb4e5zdy,2022-02-21T12:01:19Z,"afro tech,tribal house,afro house,funky house","Compost Records",0.737,0.622,5,-9.276,0,0.0404,0.0582,0.338,0.0594,0.0474,120.026,4
spotify:track:2q4Cmh6aty19e5Y2draZyj,"Sene Kela - Mr Raoul K & Laolu Version","Still Living In Slavery","Mr Raoul K;Laolu",2014-09-08,443141,41,false,22nfklp6e2bdvfz6yfb4e5zdy,2022-02-21T13:49:11Z,"afro tech,tribal house,afro house","Baobab Music",0.721,0.548,5,-14.804,0,0.0369,0.166,0.547,0.0584,0.436,118.005,4
spotify:track:22nyEAEM29tcBRhukR089b,"Icon","SYRE","Jaden",2017-11-17,220995,63,true,22nfklp6e2bdvfz6yfb4e5zdy,2022-02-21T13:49:36Z,"","MSFTS/Roc Nation",0.786,0.82,9,-5.093,0,0.232,0.222,0,0.575,0.49,119.982,4
spotify:track:7wAVCSMQa3WyFFhfGfPDNP,"Bind - Rampa Remix","Bind (Remixes)","Howling;Rampa;RY X;Frank Wiedemann",2020-09-01,378536,44,false,22nfklp6e2bdvfz6yfb4e5zdy,2022-02-21T16:16:03Z,"afro house,afro tech,house,melodic house,indie folk","Counter Records",0.673,0.745,1,-12.584,1,0.0488,0.191,0.876,0.103,0.223,123.007,4
spotify:track:2KHRENHQzTIQ001nlP9Gdc,"Contact","Random Access Memories","Daft Punk",2013-05-20,383626,58,false,22nfklp6e2bdvfz6yfb4e5zdy,2022-02-23T16:04:05Z,"french house,electronic,electro","Columbia",0.4,0.756,11,-8.423,0,0.0492,0.00282,0.753,0.0695,0.0924,123.828,4
spotify:track:5nbzNr2VuSoBcBgB0dxwZG,"I Think I Like It","I Think I Like It","Fake Blood",2018-10-27,335800,32,false,22nfklp6e2bdvfz6yfb4e5zdy,2022-02-23T16:04:24Z,"electronica","Blood Music",0.727,0.847,1,-6.021,1,0.217,0.014,0.128,0.144,0.64,128.015,4
spotify:track:4nva9EpKntUTs6CRSGBCn9,"Just A Lil Bit","The Massacre","50 Cent",2005-03-03,237706,84,true,22nfklp6e2bdvfz6yfb4e5zdy,2022-03-08T09:22:26Z,"old school hip hop,east coast hip hop","Aftermath/Shady",0.489,0.692,1,-6.672,1,0.41,0.0322,0.00608,0.315,0.527,96.946,4
spotify:track:5Z9KJZvQzH6PFmb8SNkxuk,"INDUSTRY BABY (feat. Jack Harlow)","MONTERO","Lil Nas X;Jack Harlow",2021-09-17,212352,77,true,22nfklp6e2bdvfz6yfb4e5zdy,2022-03-08T15:55:40Z,"","Columbia",0.741,0.691,10,-7.395,0,0.0672,0.0221,0,0.0476,0.892,150.087,4
spotify:track:4CdqIjNJCJ35WZDJ4oMZg2,"Nacho","Gaya EP","Anyasa;Bawari Basanti",2021-08-12,251636,34,false,22nfklp6e2bdvfz6yfb4e5zdy,2022-03-10T13:27:42Z,"melodic house,melodic techno,indian indie,hindi indie","Anjunadeep",0.592,0.701,2,-8.22,0,0.0366,0.0326,0.0298,0.0895,0.118,125.006,4
spotify:track:40H5MGB07FCEmrgHBlmLDU,"This Song Is Not About A Girl","Lockjaw","Flume;Chet Faker",2013-11-22,254037,0,false,22nfklp6e2bdvfz6yfb4e5zdy,2022-03-16T22:38:35Z,"future bass","Future Classic",0.732,0.668,2,-6.978,0,0.126,0.143,0.207,0.176,0.598,140.004,4
spotify:track:4s3zzMFfU0MQ1FJDaMHXx8,"The Creation","Sónar 25: An advanced music mixtape by Black Coffee","Vestaa",2018-05-10,283266,32,false,22nfklp6e2bdvfz6yfb4e5zdy,2022-04-07T20:02:01Z,"afro tech,afro house","Black Coffee",0.749,0.849,1,-9.345,1,0.0533,0.0401,0.915,0.0446,0.725,122.004,4
spotify:track:4ok4NiGs5EmP9T04AEDBA9,"Umbovukazi","Hyenah presents RISE RADAR 01","Da Capo",2019-09-13,444263,42,false,22nfklp6e2bdvfz6yfb4e5zdy,2022-04-07T20:07:53Z,"afro tech,afro house,3 step,tribal house,deep house","Rise Music",0.833,0.759,0,-8.941,1,0.149,0.017,0.856,0.0898,0.155,122.013,4
spotify:track:4iSsUBkriv6P5C8ncZ9Rr6,"Black Day","Amniotic","Monolink",2018-04-20,337266,49,false,22nfklp6e2bdvfz6yfb4e5zdy,2022-05-13T11:34:07Z,"melodic techno,melodic house,techno","Embassy One",0.826,0.34,11,-12.945,0,0.0729,0.0757,0.057,0.082,0.0476,116.001,4
spotify:track:3fubT0Q6lqZuLsqA8PhVJJ,"Kulli","Kulli","Aarav",2022-10-28,283070,1,false,22nfklp6e2bdvfz6yfb4e5zdy,2022-11-02T10:35:02Z,"melodic techno,organic house,melodic house","Varaa Records",0.616,0.708,1,-9.507,0,0.0411,0.0000278,0.0884,0.153,0.224,122.986,4
spotify:track:6kXLPKSZwkZgBUdIePNkZ0,"Obnoxious Desire","Realm Of Consciousness Pt.V","Colyn;Innellea",2021-07-23,451394,0,false,22nfklp6e2bdvfz6yfb4e5zdy,2022-11-09T08:37:57Z,"melodic techno,melodic house,techno,progressive house","Afterlife",0.746,0.485,11,-8.462,0,0.0555,0.193,0.893,0.0949,0.405,123.995,4
spotify:track:0P2p4impgdd77kBY1XrLIx,"Bones (feat. HVOB)","I am OK","Oliver Koletzki;HVOB",2014-05-16,295893,0,false,22nfklp6e2bdvfz6yfb4e5zdy,2022-11-09T08:39:06Z,"organic house,minimal techno","Stil Vor Talent Records",0.823,0.534,10,-7.089,0,0.0496,0.0239,0.486,0.105,0.0395,125.026,4
spotify:track:7zuMvkTqp8RQpJqSHCFofp,"Opening Credits","Opening Credits","nimino",2022-09-07,243008,0,false,22nfklp6e2bdvfz6yfb4e5zdy,2022-11-09T08:45:21Z,"stutter house,melodic house","TH3RD BRAIN",0.858,0.357,3,-10.205,1,0.0905,0.133,0.691,0.0985,0.283,120.051,4
spotify:track:3QRji4m3jZKoJHHDfYEvFf,"Welcome To The People - Baltra Remix","Welcome To The People (Baltra Remix)","JADED;Baltra",2021-11-03,190181,40,false,22nfklp6e2bdvfz6yfb4e5zdy,2022-11-09T08:49:05Z,"tech house,lo-fi house","Higher Ground",0.607,0.811,11,-6.81,1,0.0288,0.00225,0.728,0.113,0.475,123.997,4
spotify:track:0DDN8VNyAP71ExRFbcRhbU,"Paris Madness","Paris Madness","Samaran",2018-12-21,196742,0,false,22nfklp6e2bdvfz6yfb4e5zdy,2022-11-09T08:49:58Z,"","eOne Music UK",0.812,0.685,1,-9.056,1,0.0583,0.00264,0.915,0.0822,0.657,121.997,4
spotify:track:5b8yttQjXgh03MjFQDxO1c,"Opal","Bicep","BICEP",2017-09-01,271002,43,false,22nfklp6e2bdvfz6yfb4e5zdy,2022-11-09T09:02:20Z,"","Ninja Tune",0.847,0.5,9,-10.185,0,0.113,0.02,0.632,0.148,0.64,130.155,4
spotify:track:63Rg5ZEtttN93AdJFHO9zp,"In~Narito","In~Narito / It's Tough, But Not As Much As The Dream Is Worth (Joseph)","Denis Sulta",2019-10-31,124878,35,false,22nfklp6e2bdvfz6yfb4e5zdy,2022-11-09T09:02:42Z,"","Ninja Tune",0.843,0.405,9,-17.04,1,0.115,0.00933,0.694,0.0874,0.942,123.132,4
spotify:track:4aiXO7343Z6i88xaINZYqa,"Another day","Another day","DJ AEDIDAS",2016-11-08,251008,0,false,22nfklp6e2bdvfz6yfb4e5zdy,2022-11-09T09:05:03Z,"lo-fi house","DJ Aedidas",0.831,0.467,6,-13.556,1,0.0417,0.0615,0.694,0.0967,0.226,123.988,4
spotify:track:2gtWTDbAq2i2oqs0ldX7bn,"In White Rooms","Movements","Booka Shade",2006-05-12,326834,0,false,22nfklp6e2bdvfz6yfb4e5zdy,2022-11-09T09:05:34Z,"minimal techno,melodic house,melodic techno,electronica","Blaufield Music",0.8,0.64,10,-9.428,0,0.0637,0.000701,0.801,0.277,0.0938,125.008,4
spotify:track:0WfOuXw05LJq4ik1lVvTzi,"Apricots","Isles","BICEP",2021-01-22,246506,65,false,22nfklp6e2bdvfz6yfb4e5zdy,2022-11-09T09:07:49Z,"","Ninja Tune",0.819,0.599,11,-6.778,1,0.039,0.347,0.824,0.083,0.489,127.986,4
spotify:track:0kDXSB7nn4QBSdQqmEJpEm,"Watermelon Wormhole","Reviver","Lane 8",2022-01-21,353280,42,false,22nfklp6e2bdvfz6yfb4e5zdy,2022-11-09T09:09:44Z,"melodic house,progressive house,deep house","This Never Happened",0.479,0.6,8,-10.767,0,0.037,0.668,0.957,0.115,0.1,124.949,4
spotify:track:3PtLMus23DC9odHHtvJ41P,"Movement","Assembly","AVTEL",2021-05-28,381425,0,false,22nfklp6e2bdvfz6yfb4e5zdy,2022-11-09T09:10:08Z,"melodic techno,indie dance,melodic house","Eklektisch",0.69,0.793,0,-6.856,1,0.0566,0.00179,0.782,0.103,0.11,122.003,4
spotify:track:3VtTuQ6lypMoOBcm6VMzdh,"Opal - Four Tet Remix","Opal (Four Tet Remix)","BICEP;Four Tet",2018-03-07,494256,56,false,22nfklp6e2bdvfz6yfb4e5zdy,2022-11-09T09:20:48Z,"idm,electronica","Ninja Tune",0.826,0.72,9,-9.582,0,0.119,0.103,0.773,0.11,0.287,127.011,4
spotify:track:2cVGCUx6xnmcdIz2Ns9OLw,"Safe - Joris Voorn Remix","Safe (Joris Voorn Remix)","Monkey Safari;Joris Voorn",2022-02-18,294009,58,false,22nfklp6e2bdvfz6yfb4e5zdy,2022-11-09T09:21:40Z,"melodic house,organic house,afro house,deep house,melodic techno","Spectrum (NL)",0.608,0.637,1,-9.265,1,0.0329,0.00178,0.575,0.178,0.191,126.023,4
spotify:track:3GHJ47kr5h2nisPvaRGBFT,"I Go - DJ Koze Remix","I Go (Remixes)","Peggy Gou;DJ Koze",2022-03-30,329996,0,false,22nfklp6e2bdvfz6yfb4e5zdy,2022-11-09T09:22:48Z,"","Gudu Records",0.822,0.551,1,-9.871,0,0.062,0.0498,0.26,0.217,0.642,123.989,4
spotify:track:6fgmNIMwDdLQrNzu4U8pcU,"Eating Hooks - Siriusmo Remix - Solomun Edit","Eating Hooks (Siriusmo Remix - Solomun Edit)","Moderat;Siriusmo;Solomun",2016-09-23,422200,1,false,22nfklp6e2bdvfz6yfb4e5zdy,2022-11-18T12:27:25Z,"electronica,idm,french house,electroclash,melodic techno,minimal techno,techno,melodic house","Monkeytown Records",0.661,0.728,8,-8.713,1,0.0379,0.00818,0.652,0.0599,0.347,123.994,4
spotify:track:44CZRkOxv7UItaAUmh8PgN,"Doses & Mimosas","Year of the Caprese","Cherub",2014,323253,74,true,22nfklp6e2bdvfz6yfb4e5zdy,2022-11-18T12:27:39Z,"","Columbia",0.775,0.655,5,-7.333,1,0.102,0.114,0.00016,0.035,0.346,114.503,4
spotify:track:0yKWZWgzmSjwBORzNMzsC8,"Mbokodo (feat. Tabia) - Radio Edit","Mbokodo","Leo Guardo;Tabia",2021-07-30,236608,6,false,22nfklp6e2bdvfz6yfb4e5zdy,2022-11-18T17:20:09Z,"afro house,afro tech,tribal house,3 step","VillaHangar",0.612,0.736,2,-7.102,1,0.0296,0.000154,0.196,0.272,0.12,120.07,4
spotify:track:3wScL5W8H40zzCKN0atfBk,"Uproar","Tha Carter V","Lil Wayne;Swizz Beatz",2018-09-28,194184,66,true,22nfklp6e2bdvfz6yfb4e5zdy,2022-11-26T13:45:43Z,"rap,hip hop","Young Money Records, Inc.",0.743,0.87,1,-2.188,1,0.212,0.0595,0,0.299,0.884,99.079,4
spotify:track:3w3FNdoX0K3XvfE9o3ENoj,"Symphony (feat. Yann Menge)","Symphony (feat. Yann Menge)","Alar;Korolova;Yann Menge",2021-05-21,263606,42,false,22nfklp6e2bdvfz6yfb4e5zdy,2022-12-14T14:36:55Z,"melodic techno,indie dance,melodic house,progressive house","AFTR:HRS",0.677,0.89,5,-6.28,0,0.032,0.0000814,0.777,0.19,0.273,122.011,4
spotify:track:4YFymYyDfTeFtPcCmvxR7k,"Psika","Anatome, Vol. 1","Dusty Kid",2007-06-18,816746,31,false,22nfklp6e2bdvfz6yfb4e5zdy,2024-11-22T03:09:18Z,"techno,minimal techno,acid techno","Boxer Recordings",0.811,0.348,9,-12.177,1,0.0476,0.0302,0.874,0.211,0.0382,123.992,4
